csd_code,geography_name,cma,Renter,rent_income,renter_owner_gap,accessibility_index
2471100,Hudson (2471100) V 00000,Montréal,34.5,48000.0,16.7,0.9733096085409252
5915065,Lions Bay (5915065) VL 00000,Vancouver,36.0,136000.0,15.7,0.9112327613432993
2459010,Sainte-Julie (2459010) V 00000,Montréal,30.7,65500.0,13.1,0.8649828226908319
2460005,Charlemagne (2460005) V 00000,Montréal,29.9,56400.0,11.3,0.8470228182850489
3519038,Richmond Hill (3519038) T 00000,Toronto,33.1,98800.0,7.4,0.8380185365082446
5915007,White Rock (5915007) CY 00000,Vancouver,32.5,100100.0,8.1,0.8308769625122554
5915055,West Vancouver (5915055) DM 00000,Vancouver,35.7,164400.0,7.2,0.821807937078224
3519028,Vaughan (3519028) CY 00000,Toronto,31.8,109200.0,9.2,0.8174008127470994
2471025,Saint-Zotique (2471025) MÉ 00000,Montréal,28.4,63000.0,10.0,0.805369799180959
3524015,Halton Hills (3524015) T 00000,Toronto,29.9,96700.0,9.1,0.7945609801968291
2471070,Pincourt (2471070) V 00000,Montréal,27.8,57000.0,8.4,0.7894362470820117
3519036,Markham (3519036) CY 00000,Toronto,30.7,104200.0,6.8,0.7862150576629343
3519046,Aurora (3519046) T 00000,Toronto,31.5,107800.0,4.8,0.7835365738067951
5915020,Metro Vancouver A (5915020) RDA 00000,Vancouver,32.9,117500.0,2.3,0.7824611862121467
2466117,Sainte-Anne-de-Bellevue (2466117) V 00000,Montréal,26.5,59400.0,9.2,0.7694922784529856
3524001,Oakville (3524001) T 00000,Toronto,30.8,132200.0,7.9,0.7693650876904443
5915051,North Vancouver (5915051) CY 00000,Vancouver,29.5,99500.0,6.0,0.7638178976696929
3524009,Milton (3524009) T 00000,Toronto,30.4,116300.0,5.8,0.7628240264287044
4811049,Spruce Grove (4811049) CY 00000,Edmonton,28.2,90600.0,7.9,0.76185950646987
3519070,Georgina (3519070) T 00000,Toronto,28.9,79000.0,3.8,0.7573258657307624
2467020,Candiac (2467020) V 00000,Montréal,27.7,84000.0,7.4,0.7557219471313519
2466032,Westmount (2466032) V 00000,Montréal,29.0,135400.0,11.0,0.7553722006324697
3519054,East Gwillimbury (3519054) T 00000,Toronto,31.0,118300.0,3.4,0.7553656425343893
5915034,Coquitlam (5915034) CY 00000,Vancouver,28.8,93100.0,5.2,0.7519013857611534
2458012,Saint-Lambert (2458012) V 00000,Montréal,26.1,74200.0,9.6,0.751297885261569
3519048,Newmarket (3519048) T 00000,Toronto,29.5,100900.0,2.7,0.7401406684876738
5915015,Richmond (5915015) CY 00000,Vancouver,28.4,98500.0,5.1,0.7390749260364173
3519044,Whitchurch-Stouffville (3519044) T 00000,Toronto,28.7,97500.0,3.4,0.7338192576180522
5915046,North Vancouver (5915046) DM 00000,Vancouver,29.3,126600.0,5.3,0.7302649688916496
2472015,Sainte-Marthe-sur-le-Lac (2472015) V 00000,Montréal,26.1,82000.0,6.6,0.7236918214653799
2471065,Notre-Dame-de-l'Île-Perrot (2471065) V 00000,Montréal,25.6,74000.0,6.5,0.7215704743597285
2473035,Sainte-Anne-des-Plaines (2473035) V 00000,Montréal,25.8,79000.0,6.5,0.7204708081277708
3522014,Orangeville (3522014) T 00000,Toronto,27.1,85600.0,3.7,0.7184703615551965
2472010,Deux-Montagnes (2472010) V 00000,Montréal,25.0,80000.0,8.4,0.7181856115965007
3521005,Mississauga (3521005) CY 00000,Toronto,27.1,100500.0,5.5,0.7167917638080652
2455057,Richelieu (2455057) V 00000,Montréal,24.2,72000.0,8.7,0.7134380506058139
2466102,Kirkland (2466102) V 00000,Montréal,26.4,114800.0,8.4,0.7106742833765233
3543007,New Tecumseth (3543007) T 00000,Toronto,27.3,99400.0,3.2,0.705782107050789
2471060,L'Île-Perrot (2471060) V 00000,Montréal,24.6,71200.0,6.0,0.7029957451973781
5915001,Langley (5915001) DM 00000,Vancouver,27.5,120400.0,4.7,0.6999451000461183
2466058,Côte-Saint-Luc (2466058) V 00000,Montréal,25.4,75600.0,4.0,0.6995719197263319
4811056,Fort Saskatchewan (4811056) CY 00000,Edmonton,25.0,88800.0,6.6,0.6977834640020172
3518029,Uxbridge (3518029) TP 00000,Toronto,25.4,80000.0,4.0,0.6954725408443443
5915039,Port Coquitlam (5915039) CY 00000,Vancouver,25.9,98200.0,5.1,0.6948704433768829
4811013,Beaumont (4811013) CY 00000,Edmonton,26.4,104800.0,4.6,0.6942283416984519
2452007,Lavaltrie (2452007) V 00000,Montréal,23.6,62000.0,6.0,0.6937735794627566
2467025,Delson (2467025) V 00000,Montréal,24.0,73000.0,6.1,0.6913205360819026
5915022,Vancouver (5915022) CY 00000,Vancouver,26.2,108500.0,4.9,0.6892563161733825
2466107,Beaconsfield (2466107) V 00000,Montréal,27.3,153500.0,8.1,0.6885987193257652
3520005,Toronto (3520005) C 00000,Toronto,25.8,93900.0,3.7,0.6876057697026733
5915075,Maple Ridge (5915075) CY 00000,Vancouver,26.3,100700.0,3.3,0.6874552987222105
3518001,Pickering (3518001) CY 00000,Toronto,26.6,107600.0,3.3,0.6863648055854541
5915025,Burnaby (5915025) CY 00000,Vancouver,25.9,100600.0,3.9,0.6844988253118234
5915002,Langley (5915002) CY 00000,Vancouver,25.5,88400.0,2.6,0.6799342878946988
2457010,Carignan (2457010) V 00000,Montréal,29.6,230000.0,11.1,0.6785896773550616
5915029,New Westminster (5915029) CY 00000,Vancouver,25.6,90900.0,2.4,0.6780285225753301
3521024,Caledon (3521024) T 00000,Toronto,27.0,129000.0,3.4,0.6742223212108112
3518005,Ajax (3518005) T 00000,Toronto,26.3,109300.0,2.4,0.6733411814467077
2463048,Saint-Lin--Laurentides (2463048) V 00000,Montréal,23.5,55200.0,1.8,0.6698550474876733
2470022,Beauharnois (2470022) V 00000,Montréal,23.4,69000.0,3.4,0.6660660028270442
2466142,Dollard-Des Ormeaux (2466142) V 00000,Montréal,23.2,85100.0,6.1,0.6658123687115969
2457020,Saint-Basile-le-Grand (2457020) V 00000,Montréal,22.9,81000.0,5.8,0.6622602678910947
5915043,Port Moody (5915043) CY 00000,Vancouver,25.3,108100.0,2.7,0.658699497868103
3521010,Brampton (3521010) CY 00000,Toronto,25.9,107400.0,0.8,0.657146472432573
2466087,Dorval (2466087) V 00000,Montréal,22.3,73500.0,5.1,0.653825926235352
4811061,Edmonton (4811061) CY 00000,Edmonton,23.8,88300.0,3.1,0.6531681757847521
2467050,Châteauguay (2467050) V 00000,Montréal,22.7,72700.0,3.3,0.6494853157421703
2471105,Saint-Lazare (2471105) V 00000,Montréal,23.7,104000.0,4.5,0.6462530125853293
4811052,Strathcona County (4811052) SM 00000,Edmonton,23.3,110200.0,6.2,0.6448846010761948
4811062,St. Albert (4811062) CY 00000,Edmonton,23.6,110300.0,5.1,0.6426718845475025
3543014,Bradford West Gwillimbury (3543014) T 00000,Toronto,25.3,104200.0,-0.4,0.6413160890882313
2458007,Brossard (2458007) V 00000,Montréal,22.6,87700.0,4.1,0.6391545298456214
2466097,Pointe-Claire (2466097) V 00000,Montréal,24.6,157000.0,7.5,0.6332273485240439
2457040,Beloeil (2457040) V 00000,Montréal,22.2,88000.0,4.3,0.6331135212210014
2474005,Mirabel (2474005) V 00000,Montréal,22.6,83200.0,2.5,0.6324996188023538
2460028,L'Assomption (2460028) V 00000,Montréal,22.0,82000.0,3.8,0.6317550339631179
2471083,Vaudreuil-Dorion (2471083) V 00000,Montréal,22.4,90300.0,1.9,0.6182581964986762
2467010,Saint-Philippe (2467010) V 00000,Montréal,21.0,67000.0,2.3,0.6177671034111477
3519049,King (3519049) TP 00000,Toronto,24.2,91400.0,-2.8,0.6173974147494079
2466072,Mont-Royal (2466072) V 00000,Montréal,22.6,104700.0,3.1,0.6165363595119022
2475005,Saint-Colomban (2475005) V 00000,Montréal,20.0,50000.0,2.4,0.6164899845235629
2471075,Terrasse-Vaudreuil (2471075) MÉ 00000,Montréal,21.2,74000.0,2.2,0.6141261170402277
2473020,Rosemère (2473020) V 00000,Montréal,22.1,111000.0,4.8,0.6132954208702995
2473030,Bois-des-Filion (2473030) V 00000,Montréal,21.6,83000.0,2.2,0.612858461594946
2466047,Montréal-Ouest (2466047) V 00000,Montréal,21.8,96800.0,3.4,0.611695630819352
5915011,Delta (5915011) CY 00000,Vancouver,22.9,111100.0,1.9,0.6077761116641234
2455065,Saint-Mathias-sur-Richelieu (2455065) MÉ 00000,Montréal,19.5,72000.0,4.9,0.6040454455029729
2473010,Sainte-Thérèse (2473010) V 00000,Montréal,20.7,70200.0,1.5,0.604023929846146
4811034,Parkland County (4811034) MD 00000,Edmonton,22.8,132000.0,4.4,0.6034738550864504
2466023,Montréal (2466023) V 00000,Montréal,21.0,78000.0,0.8,0.5973491646807548
2457035,Mont-Saint-Hilaire (2457035) V 00000,Montréal,20.6,88000.0,2.9,0.5951522449075928
2464015,Mascouche (2464015) V 00000,Montréal,21.1,89400.0,1.5,0.5932531688108019
2465005,Laval (2465005) V 00000,Montréal,20.4,80200.0,1.9,0.5920809457747753
2460013,Repentigny (2460013) V 00000,Montréal,21.0,92000.0,1.8,0.5910853474368345
2467035,Saint-Constant (2467035) V 00000,Montréal,20.8,89200.0,1.4,0.5874234598210188
5915004,Surrey (5915004) CY 00000,Vancouver,22.4,103800.0,-1.2,0.5846636075945809
2458227,Longueuil (2458227) V 00000,Montréal,19.9,78700.0,1.8,0.5839036980480057
5915070,Pitt Meadows (5915070) CY 00000,Vancouver,21.4,103400.0,0.3,0.5774121756214083
2471040,Coteau-du-Lac (2471040) V 00000,Montréal,18.8,74000.0,2.4,0.572777422909098
4811016,Leduc (4811016) CY 00000,Edmonton,20.9,97200.0,-0.5,0.568868047170352
2475017,Saint-Jérôme (2475017) V 00000,Montréal,19.8,80800.0,-0.3,0.5659305287426771
2458037,Saint-Bruno-de-Montarville (2458037) V 00000,Montréal,18.6,84000.0,3.0,0.5639697304717223
2466007,Montréal-Est (2466007) V 00000,Montréal,20.0,76400.0,-1.9,0.562741168858756
2456083,Saint-Jean-sur-Richelieu (2456083) V 00000,Montréal,19.0,80800.0,0.9,0.5598312465181763
4811012,Leduc County (4811012) MD 00000,Edmonton,19.2,61000.0,-3.5,0.552006661873754
2467015,La Prairie (2467015) V 00000,Montréal,19.8,95000.0,-0.5,0.5513447828746911
4811068,Morinville (4811068) T 00000,Edmonton,20.8,103000.0,-3.2,0.5433798762859098
5915062,Bowen Island (5915062) IM 00000,Vancouver,19.8,104000.0,-0.6,0.5422817236052943
2471033,Les Coteaux (2471033) MÉ 00000,Montréal,17.0,62000.0,0.8,0.5410816197546923
2467030,Sainte-Catherine (2467030) V 00000,Montréal,18.1,79500.0,0.3,0.5409603951567856
4811048,Stony Plain (4811048) T 00000,Edmonton,20.4,129500.0,0.8,0.5386916416374977
2473015,Blainville (2473015) V 00000,Montréal,19.4,102200.0,-0.5,0.5375192706181096
2457025,McMasterville (2457025) MÉ 00000,Montréal,17.0,56000.0,-1.0,0.534468292035985
4811018,Devon (4811018) T 00000,Edmonton,19.6,112000.0,-1.0,0.5285577241882363
2458033,Boucherville (2458033) V 00000,Montréal,17.8,91200.0,0.6,0.526755594052043
2459015,Saint-Amable (2459015) V 00000,Montréal,18.2,84000.0,-1.9,0.5236319537662515
4811059,Sturgeon County (4811059) MD 00000,Edmonton,18.2,104000.0,0.8,0.5233034981393433
2466127,Senneville (2466127) VL 00000,Montréal,18.0,132000.0,5.0,0.5221323990275807
2457030,Otterburn Park (2457030) V 00000,Montréal,17.0,64000.0,-2.0,0.5202352148699675
2459020,Varennes (2459020) V 00000,Montréal,17.4,83000.0,-1.1,0.5157524841536044
2464008,Terrebonne (2464008) V 00000,Montréal,18.0,97500.0,-1.0,0.5135972900687429
2467045,Mercier (2467045) V 00000,Montréal,17.9,91000.0,-2.2,0.5097382380389169
2472005,Saint-Eustache (2472005) V 00000,Montréal,17.4,89800.0,-1.4,0.5073831821218115
2466112,Baie-D'Urfé (2466112) V 00000,Montréal,20.8,200000.0,4.7,0.5065665275123548
2473005,Boisbriand (2473005) V 00000,Montréal,17.3,90400.0,-2.1,0.5002990537681621
2457005,Chambly (2457005) V 00000,Montréal,16.4,96400.0,-1.6,0.48208458728939063
2460020,Saint-Sulpice (2460020) PE 00000,Montréal,15.6,96000.0,-1.0,0.4722901792621737
2466062,Hampstead (2466062) V 00000,Montréal,22.0,254400.0,3.6,0.46977798374730584
2460037,L'Épiphanie (2460037) V 00000,Montréal,12.0,88000.0,-4.2,0.39399174065522535
2467055,Léry (2467055) V 00000,Montréal,20.0,300000.0,-1.8,0.3550961535939913
3522012,Mono (3522012) T 00000,Toronto,7.9,185000.0,-12.8,0.17236024844720496
5915038,Anmore (5915038) VL 00000,Vancouver,10.6,370000.0,-10.8,0.06160202666023281
