geography_name,immigrant_status,Total,Owner,Renter,renter_owner_gap,csd_code,cma,join_key,tot_pop,tot_income,own_pop,own_income,rent_pop,rent_income,annual_housing_cost_total,annual_housing_cost_owner,annual_housing_cost_renter
Belcarra (5915036) VL 00000,Total Immigrant Status,18.6,16.5,39.5,23.0,5915036,Vancouver,5915036|Total Immigrant Status,630.0,274000.0,570.0,292000.0,60.0,108000.0,50964.0,48180.0,42660.0
Hudson (2471100) V 00000,Immigrant,18.7,17.8,34.5,16.7,2471100,Montréal,2471100|Immigrant,1175.0,158000.0,1115.0,164400.0,60.0,48000.0,29546.0,29263.2,16560.0
Lions Bay (5915065) VL 00000,Immigrant,22.0,20.3,36.0,15.7,5915065,Vancouver,5915065|Immigrant,570.0,206000.0,510.0,215000.0,60.0,136000.0,45320.0,43645.0,48960.0
Belcarra (5915036) VL 00000,Non-immigrants,16.7,15.6,31.0,15.4,5915036,Vancouver,5915036|Non-immigrants,465.0,298000.0,430.0,311000.0,40.0,140000.0,49766.0,48516.0,43400.0
Metro Vancouver A (5915020) RDA 00000,Non-immigrants,26.4,17.5,32.9,15.4,5915020,Vancouver,5915020|Non-immigrants,3880.0,154400.0,1625.0,200800.0,2255.0,120900.0,40761.6,35140.0,39776.1
West Vancouver (5915055) DM 00000,Non-immigrants,20.2,16.5,31.6,15.1,5915055,Vancouver,5915055|Non-immigrants,17435.0,325200.0,13155.0,365600.0,4280.0,200800.0,65690.4,60324.0,63452.8
Pointe-Claire (2466097) V 00000,Non-immigrants,16.7,13.6,27.9,14.3,2466097,Montréal,2466097|Non-immigrants,19770.0,149800.0,15470.0,169400.0,4300.0,79300.0,25016.6,23038.4,22124.7
Westmount (2466032) V 00000,Non-immigrants,18.9,14.5,28.6,14.1,2466032,Montréal,2466032|Non-immigrants,11215.0,436000.0,7745.0,575500.0,3470.0,123400.0,82403.99999999999,83447.5,35292.4
Vaughan (3519028) CY 00000,Non-immigrants,18.3,17.0,30.5,13.5,3519028,Toronto,3519028|Non-immigrants,108265.0,213800.0,97935.0,223800.0,10330.0,117100.0,39125.4,38046.0,35715.5
Westmount (2466032) V 00000,Total Immigrant Status,20.4,15.7,28.8,13.1,2466032,Montréal,2466032|Total Immigrant Status,17925.0,384000.0,11455.0,528000.0,6470.0,129000.0,78335.99999999999,82896.0,37152.0
Sainte-Julie (2459010) V 00000,Immigrant,19.0,17.6,30.7,13.1,2459010,Montréal,2459010|Immigrant,2685.0,135400.0,2395.0,143800.0,285.0,65500.0,25726.0,25308.8,20108.5
Bon Accord (4811066) T 00000,Total Immigrant Status,22.3,20.6,33.2,12.6,4811066,Edmonton,4811066|Total Immigrant Status,1510.0,117000.0,1310.0,123500.0,205.0,74500.0,26091.0,25441.0,24734.0
Oakville (3524001) T 00000,Non-immigrants,17.7,15.6,28.2,12.6,3524001,Toronto,3524001|Non-immigrants,92550.0,258400.0,77515.0,283600.0,15035.0,127000.0,45736.8,44241.6,35814.0
Hampstead (2466062) V 00000,Non-immigrants,17.7,15.6,27.7,12.1,2466062,Montréal,2466062|Non-immigrants,3845.0,376800.0,3180.0,432800.0,665.0,108800.0,66693.6,67516.8,30137.6
Markham (3519036) CY 00000,Non-immigrants,18.9,16.8,28.7,11.9,3519036,Toronto,3519036|Non-immigrants,59195.0,190200.0,48590.0,207200.0,10610.0,112200.0,35947.799999999996,34809.6,32201.4
Pointe-Claire (2466097) V 00000,Total Immigrant Status,17.6,14.9,26.6,11.7,2466097,Montréal,2466097|Total Immigrant Status,31010.0,147600.0,23820.0,158800.0,7190.0,110500.0,25977.6,23661.2,29393.0
Mont-Royal (2466072) V 00000,Non-immigrants,14.8,13.0,24.5,11.5,2466072,Montréal,2466072|Non-immigrants,9990.0,352400.0,8435.0,395600.0,1555.0,117700.0,52155.2,51428.0,28836.5
Devon (4811018) T 00000,Non-immigrants,20.9,18.7,30.0,11.3,4811018,Edmonton,4811018|Non-immigrants,5870.0,123400.0,4710.0,134000.0,1160.0,80200.0,25790.6,25058.0,24060.0
Léry (2467055) V 00000,Non-immigrants,16.6,15.1,26.4,11.3,2467055,Montréal,2467055|Non-immigrants,2160.0,147200.0,1875.0,160000.0,290.0,62800.0,24435.2,24160.0,16579.2
Charlemagne (2460005) V 00000,Immigrant,21.8,18.6,29.9,11.3,2460005,Montréal,2460005|Immigrant,575.0,91600.0,405.0,105600.0,165.0,56400.0,19968.8,19641.600000000002,16863.6
West Vancouver (5915055) DM 00000,Total Immigrant Status,25.8,22.8,34.0,11.2,5915055,Vancouver,5915055|Total Immigrant Status,38010.0,281600.0,27645.0,320000.0,10360.0,179400.0,72652.8,72960.0,60996.0
Carignan (2457010) V 00000,Immigrant,18.9,18.5,29.6,11.1,2457010,Montréal,2457010|Immigrant,1630.0,156800.0,1575.0,154200.0,60.0,230000.0,29635.2,28527.0,68080.0
Richmond Hill (3519038) T 00000,Non-immigrants,18.5,16.5,27.6,11.1,3519038,Toronto,3519038|Non-immigrants,43030.0,199600.0,35080.0,218600.0,7945.0,115800.0,36926.0,36069.0,31960.8
Westmount (2466032) V 00000,Immigrant,22.9,18.0,29.0,11.0,2466032,Montréal,2466032|Immigrant,6715.0,297200.0,3710.0,428000.0,3005.0,135400.0,68058.8,77040.0,39266.0
Aurora (3519046) T 00000,Non-immigrants,18.1,16.3,27.3,11.0,3519046,Toronto,3519046|Non-immigrants,29775.0,220200.0,24740.0,242400.0,5030.0,111700.0,39856.200000000004,39511.2,30494.1
Saint-Lambert (2458012) V 00000,Total Immigrant Status,17.7,14.5,25.3,10.8,2458012,Montréal,2458012|Total Immigrant Status,21450.0,206800.0,15060.0,260400.0,6390.0,80900.0,36603.6,37758.0,20467.7
Saint-Lambert (2458012) V 00000,Non-immigrants,16.8,14.1,24.9,10.8,2458012,Montréal,2458012|Non-immigrants,16795.0,224600.0,12575.0,271600.0,4220.0,84400.0,37732.8,38295.6,21015.6
Vaughan (3519028) CY 00000,Total Immigrant Status,21.9,20.6,31.4,10.8,3519028,Toronto,3519028|Total Immigrant Status,313230.0,179600.0,277735.0,188200.0,35490.0,111500.0,39332.399999999994,38769.200000000004,35011.0
Candiac (2467020) V 00000,Non-immigrants,14.7,13.2,23.9,10.7,2467020,Montréal,2467020|Non-immigrants,17040.0,215000.0,14595.0,236800.0,2440.0,85100.0,31605.0,31257.6,20338.899999999998
Mono (3522012) T 00000,Non-immigrants,17.5,17.0,27.6,10.6,3522012,Toronto,3522012|Non-immigrants,6385.0,208200.0,6125.0,212200.0,260.0,115000.0,36435.0,36074.0,31740.0
St. Albert (4811062) CY 00000,Non-immigrants,18.2,16.9,27.5,10.6,4811062,Edmonton,4811062|Non-immigrants,55355.0,163200.0,48290.0,173200.0,7070.0,95300.0,29702.4,29270.799999999996,26207.5
Saint-Mathieu-de-Beloeil (2457045) MÉ 00000,Total Immigrant Status,15.9,14.6,25.2,10.6,2457045,Montréal,2457045|Total Immigrant Status,2905.0,154400.0,2545.0,163400.0,360.0,90400.0,24549.6,23856.4,22780.8
Saint-Mathieu-de-Beloeil (2457045) MÉ 00000,Non-immigrants,15.9,14.5,25.0,10.5,2457045,Montréal,2457045|Non-immigrants,2770.0,153600.0,2420.0,162600.0,345.0,91600.0,24422.4,23577.0,22900.0
Boucherville (2458033) V 00000,Non-immigrants,13.5,12.3,22.6,10.3,2458033,Montréal,2458033|Non-immigrants,35575.0,176200.0,31555.0,188200.0,4020.0,81100.0,23787.0,23148.6,18328.6
Oakville (3524001) T 00000,Total Immigrant Status,21.4,19.5,29.8,10.3,3524001,Toronto,3524001|Total Immigrant Status,203060.0,219400.0,164735.0,240200.0,38330.0,130200.0,46951.6,46839.0,38799.6
Calmar (4811019) T 00000,Non-immigrants,21.5,19.8,30.1,10.3,4811019,Edmonton,4811019|Non-immigrants,2030.0,114100.0,1685.0,120700.0,345.0,82000.0,24531.5,23898.6,24682.0
Saint-Bruno-de-Montarville (2458037) V 00000,Non-immigrants,13.5,12.5,22.7,10.2,2458037,Montréal,2458037|Non-immigrants,22150.0,183800.0,20135.0,194800.0,2015.0,73400.0,24813.0,24350.0,16661.8
Kirkland (2466102) V 00000,Non-immigrants,13.3,12.7,22.8,10.1,2466102,Montréal,2466102|Non-immigrants,10320.0,199200.0,9685.0,204400.0,630.0,121200.0,26493.6,25958.8,27633.6
Hudson (2471100) V 00000,Total Immigrant Status,17.3,16.5,26.6,10.1,2471100,Montréal,2471100|Total Immigrant Status,5330.0,185400.0,4915.0,195600.0,415.0,66000.0,32074.2,32274.0,17556.0
Gibbons (4811064) T 00010,Non-immigrants,18.0,16.9,27.0,10.1,4811064,Edmonton,4811064|Non-immigrants,2980.0,137000.0,2655.0,142800.0,325.0,90000.0,24660.0,24133.2,24300.0
Bon Accord (4811066) T 00000,Non-immigrants,21.8,20.7,30.8,10.1,4811066,Edmonton,4811066|Non-immigrants,1390.0,117800.0,1230.0,122800.0,155.0,78000.0,25680.4,25419.6,24024.0
Strathcona County (4811052) SM 00000,Non-immigrants,17.2,16.1,26.2,10.1,4811052,Edmonton,4811052|Non-immigrants,83335.0,172200.0,74510.0,180400.0,8825.0,102000.0,29618.4,29044.400000000005,26724.0
Beaconsfield (2466107) V 00000,Non-immigrants,13.9,13.1,23.1,10.0,2466107,Montréal,2466107|Non-immigrants,12280.0,238800.0,11350.0,250200.0,930.0,99600.0,33193.2,32776.2,23007.6
Léry (2467055) V 00000,Total Immigrant Status,17.1,15.7,25.7,10.0,2467055,Montréal,2467055|Total Immigrant Status,2375.0,148400.0,2055.0,157800.0,320.0,87200.0,25376.4,24774.6,22410.4
Saint-Zotique (2471025) MÉ 00000,Immigrant,20.4,18.4,28.4,10.0,2471025,Montréal,2471025|Immigrant,555.0,92400.0,440.0,100000.0,115.0,63000.0,18849.6,18399.999999999996,17892.0
Devon (4811018) T 00000,Total Immigrant Status,20.9,18.8,28.8,10.0,4811018,Edmonton,4811018|Total Immigrant Status,6345.0,121900.0,5035.0,131800.0,1310.0,83900.0,25477.1,24778.4,24163.2
Calmar (4811019) T 00000,Total Immigrant Status,21.4,19.8,29.8,10.0,4811019,Edmonton,4811019|Total Immigrant Status,2165.0,113500.0,1815.0,119900.0,355.0,80800.0,24289.0,23740.2,24078.4
Brossard (2458007) V 00000,Non-immigrants,16.6,13.7,23.5,9.8,2458007,Montréal,2458007|Non-immigrants,36485.0,130800.0,25795.0,150200.0,10685.0,83800.0,21712.8,20577.4,19693.0
Spruce Grove (4811049) CY 00000,Non-immigrants,19.9,17.8,27.6,9.8,4811049,Edmonton,4811049|Non-immigrants,32395.0,137400.0,25680.0,149600.0,6720.0,91000.0,27342.6,26628.8,25116.0
Gibbons (4811064) T 00010,Total Immigrant Status,18.2,17.2,27.0,9.8,4811064,Edmonton,4811064|Total Immigrant Status,3135.0,137000.0,2805.0,142400.0,325.0,90000.0,24934.0,24492.8,24300.0
Candiac (2467020) V 00000,Total Immigrant Status,16.2,14.9,24.6,9.7,2467020,Montréal,2467020|Total Immigrant Status,22205.0,198800.0,19180.0,216800.0,3030.0,84900.0,32205.6,32303.2,20885.4
Baie-D'Urfé (2466112) V 00000,Non-immigrants,13.9,13.5,23.2,9.7,2466112,Montréal,2466112|Non-immigrants,2265.0,248200.0,2190.0,252000.0,75.0,132000.0,34499.8,34020.0,30624.0
"Toronto (CMA), Ont. 00000",Non-immigrants,20.2,17.6,27.3,9.7,,Toronto,"Toronto , Ont. 00000|Non-immigrants",2060475.0,189600.0,1510640.0,221000.0,549830.0,103800.0,38299.2,38896.00000000001,28337.4
Saint-Lambert (2458012) V 00000,Immigrant,21.0,16.5,26.1,9.6,2458012,Montréal,2458012|Immigrant,4650.0,142600.0,2480.0,202400.0,2165.0,74200.0,29946.0,33396.0,19366.2
East Gwillimbury (3519054) T 00000,Non-immigrants,19.2,17.7,27.3,9.6,3519054,Toronto,3519054|Non-immigrants,19725.0,168800.0,16670.0,178200.0,3055.0,118200.0,32409.6,31541.4,32268.6
Toronto (3520005) C 00000,Non-immigrants,21.6,17.9,27.5,9.6,3520005,Toronto,3520005|Non-immigrants,950235.0,197600.0,588470.0,255800.0,361765.0,103200.0,42681.6,45788.2,28380.0
Sainte-Anne-de-Bellevue (2466117) V 00000,Total Immigrant Status,18.3,14.9,24.5,9.6,2466117,Montréal,2466117|Total Immigrant Status,4555.0,147600.0,2955.0,189000.0,1600.0,70900.0,27010.8,28161.0,17370.5
Sainte-Anne-de-Bellevue (2466117) V 00000,Non-immigrants,17.1,13.9,23.5,9.6,2466117,Montréal,2466117|Non-immigrants,3135.0,160800.0,2090.0,202800.0,1050.0,77000.0,27496.8,28189.2,18095.0
Newmarket (3519048) T 00000,Non-immigrants,18.5,16.3,25.9,9.6,3519048,Toronto,3519048|Non-immigrants,46650.0,168000.0,36155.0,187600.0,10495.0,100400.0,31080.0,30578.8,26003.6
Spruce Grove (4811049) CY 00000,Total Immigrant Status,20.1,18.1,27.7,9.6,4811049,Edmonton,4811049|Total Immigrant Status,37145.0,136600.0,29345.0,148600.0,7795.0,91000.0,27456.6,26896.6,25207.0
Beaconsfield (2466107) V 00000,Total Immigrant Status,15.9,15.2,24.7,9.5,2466107,Montréal,2466107|Total Immigrant Status,18620.0,220600.0,17130.0,229400.0,1490.0,120000.0,35075.4,34868.8,29640.0
Stony Plain (4811048) T 00000,Non-immigrants,20.3,18.0,27.5,9.5,4811048,Edmonton,4811048|Non-immigrants,15575.0,125800.0,11835.0,138200.0,3735.0,86600.0,25537.4,24876.0,23815.0
Strathcona County (4811052) SM 00000,Total Immigrant Status,17.3,16.2,25.7,9.5,4811052,Edmonton,4811052|Total Immigrant Status,95990.0,172000.0,85375.0,180600.0,10620.0,103400.0,29756.0,29257.2,26573.8
White Rock (5915007) CY 00000,Non-immigrants,22.6,19.3,28.8,9.5,5915007,Vancouver,5915007|Non-immigrants,13055.0,141600.0,8465.0,163400.0,4590.0,101500.0,32001.6,31536.2,29232.0
Pickering (3518001) CY 00000,Non-immigrants,18.4,17.1,26.5,9.4,3518001,Toronto,3518001|Non-immigrants,46360.0,171800.0,39795.0,183400.0,6560.0,101700.0,31611.199999999997,31361.400000000005,26950.5
St. Albert (4811062) CY 00000,Total Immigrant Status,18.4,17.1,26.5,9.4,4811062,Edmonton,4811062|Total Immigrant Status,66160.0,160800.0,56810.0,171000.0,9350.0,99000.0,29587.2,29241.000000000004,26235.0
Saint-Zotique (2471025) MÉ 00000,Non-immigrants,16.6,14.7,24.0,9.3,2471025,Montréal,2471025|Non-immigrants,8920.0,118100.0,7140.0,127800.0,1790.0,79700.0,19604.600000000002,18786.6,19128.0
Halton Hills (3524015) T 00000,Non-immigrants,17.8,16.8,26.1,9.3,3524015,Toronto,3524015|Non-immigrants,45365.0,181400.0,40405.0,191400.0,4960.0,100200.0,32289.2,32155.2,26152.2
Delta (5915011) CY 00000,Non-immigrants,18.5,16.5,25.8,9.3,5915011,Vancouver,5915011|Non-immigrants,54465.0,158000.0,42435.0,170800.0,12030.0,113000.0,29230.0,28182.0,29154.0
Kirkland (2466102) V 00000,Total Immigrant Status,15.6,15.1,24.4,9.3,2466102,Montréal,2466102|Total Immigrant Status,18695.0,183000.0,17545.0,187200.0,1150.0,118400.0,28548.0,28267.2,28889.6
Saint-Zotique (2471025) MÉ 00000,Total Immigrant Status,16.8,14.9,24.2,9.3,2471025,Montréal,2471025|Total Immigrant Status,9475.0,116700.0,7575.0,126200.0,1900.0,78700.0,19605.6,18803.8,19045.4
Sainte-Anne-de-Bellevue (2466117) V 00000,Immigrant,20.9,17.3,26.5,9.2,2466117,Montréal,2466117|Immigrant,1415.0,118300.0,865.0,156000.0,550.0,59400.0,24724.7,26988.0,15741.0
Vaughan (3519028) CY 00000,Immigrant,23.8,22.6,31.8,9.2,3519028,Toronto,3519028|Immigrant,204965.0,161600.0,179805.0,168800.0,25160.0,109200.0,38460.8,38148.8,34725.6
Milton (3524009) T 00000,Non-immigrants,19.7,18.3,27.5,9.2,3524009,Toronto,3524009|Non-immigrants,52620.0,170600.0,44580.0,180800.0,8040.0,114300.0,33608.2,33086.4,31432.5
Pitt Meadows (5915070) CY 00000,Non-immigrants,19.4,17.7,26.9,9.2,5915070,Vancouver,5915070|Non-immigrants,12315.0,143200.0,10060.0,155200.0,2255.0,89600.0,27780.8,27470.4,24102.4
Boucherville (2458033) V 00000,Total Immigrant Status,13.9,12.9,22.0,9.1,2458033,Montréal,2458033|Total Immigrant Status,40695.0,174000.0,36065.0,185600.0,4635.0,82400.0,24186.0,23942.4,18128.0
Hudson (2471100) V 00000,Non-immigrants,16.9,16.1,25.2,9.1,2471100,Montréal,2471100|Non-immigrants,4160.0,193000.0,3800.0,204600.0,360.0,69200.0,32616.999999999996,32940.600000000006,17438.4
Halton Hills (3524015) T 00000,Immigrant,21.6,20.8,29.9,9.1,3524015,Toronto,3524015|Immigrant,16020.0,168200.0,14665.0,175000.0,1360.0,96700.0,36331.200000000004,36400.0,28913.3
Fort Saskatchewan (4811056) CY 00000,Non-immigrants,18.1,16.3,25.4,9.1,4811056,Edmonton,4811056|Non-immigrants,23255.0,150000.0,18565.0,164000.0,4690.0,94200.0,27150.0,26732.0,23926.8
La Prairie (2467015) V 00000,Non-immigrants,15.6,13.6,22.6,9.0,2467015,Montréal,2467015|Non-immigrants,20040.0,142800.0,15545.0,163600.0,4495.0,70400.0,22276.8,22249.6,15910.4
Saint-Bruno-de-Montarville (2458037) V 00000,Total Immigrant Status,13.8,13.0,22.0,9.0,2458037,Montréal,2458037|Total Immigrant Status,25750.0,179600.0,23380.0,190200.0,2370.0,75000.0,24784.8,24726.0,16500.0
Mississauga (3521005) CY 00000,Non-immigrants,19.2,17.2,26.2,9.0,3521005,Toronto,3521005|Non-immigrants,183860.0,177400.0,142260.0,200400.0,41605.0,98500.0,34060.8,34468.8,25807.0
Halton Hills (3524015) T 00000,Total Immigrant Status,18.8,17.9,26.9,9.0,3524015,Toronto,3524015|Total Immigrant Status,61390.0,178000.0,55070.0,187000.0,6320.0,99400.0,33464.0,33472.99999999999,26738.6
Richmond (5915015) CY 00000,Non-immigrants,19.6,16.8,25.8,9.0,5915015,Vancouver,5915015|Non-immigrants,44130.0,147800.0,30610.0,164600.0,13525.0,110000.0,28968.8,27652.8,28380.0
Morinville (4811068) T 00000,Non-immigrants,19.4,18.2,27.1,8.9,4811068,Edmonton,4811068|Non-immigrants,9385.0,134400.0,8100.0,141200.0,1285.0,91500.0,26073.6,25698.4,24796.5
Pincourt (2471070) V 00000,Non-immigrants,15.9,15.1,24.0,8.9,2471070,Montréal,2471070|Non-immigrants,10795.0,129200.0,9825.0,134800.0,970.0,73800.0,20542.8,20354.8,17712.0
Burnaby (5915025) CY 00000,Non-immigrants,20.0,16.8,25.7,8.9,5915025,Vancouver,5915025|Non-immigrants,76200.0,149800.0,48665.0,177000.0,27535.0,101700.0,29960.0,29736.0,26136.9
Dorval (2466087) V 00000,Non-immigrants,16.8,14.3,23.1,8.8,2466087,Montréal,2466087|Non-immigrants,12150.0,159600.0,8690.0,194000.0,3465.0,73500.0,26812.8,27742.0,16978.5
Orangeville (3522014) T 00000,Non-immigrants,20.9,19.2,28.0,8.8,3522014,Toronto,3522014|Non-immigrants,23510.0,137600.0,18865.0,150800.0,4645.0,83700.0,28758.4,28953.6,23436.0
"Edmonton (CMA), Alta. 00000",Non-immigrants,19.7,17.5,26.3,8.8,,Edmonton,"Edmonton , Alta. 00000|Non-immigrants",878150.0,143000.0,654765.0,162000.0,223385.0,87800.0,28171.0,28350.0,23091.4
Coquitlam (5915034) CY 00000,Non-immigrants,18.8,16.5,25.3,8.8,5915034,Vancouver,5915034|Non-immigrants,57030.0,156200.0,41940.0,174200.0,15085.0,106500.0,29365.6,28743.0,26944.5
Richelieu (2455057) V 00000,Immigrant,18.3,15.5,24.2,8.7,2455057,Montréal,2455057|Immigrant,255.0,143000.0,170.0,176000.0,85.0,72000.0,26169.0,27280.0,17424.0
Caledon (3521024) T 00000,Non-immigrants,18.2,17.5,26.2,8.7,3521024,Toronto,3521024|Non-immigrants,42045.0,183600.0,38510.0,190000.0,3535.0,114100.0,33415.2,33250.0,29894.2
Fort Saskatchewan (4811056) CY 00000,Total Immigrant Status,18.3,16.6,25.3,8.7,4811056,Edmonton,4811056|Total Immigrant Status,26340.0,147800.0,21015.0,161600.0,5325.0,93500.0,27047.4,26825.6,23655.5
Edmonton (4811061) CY 00000,Non-immigrants,20.5,17.7,26.4,8.7,4811061,Edmonton,4811061|Non-immigrants,540335.0,135400.0,366525.0,159000.0,173805.0,85600.0,27757.0,28143.0,22598.4
Côte-Saint-Luc (2466058) V 00000,Non-immigrants,21.2,18.0,26.6,8.6,2466058,Montréal,2466058|Non-immigrants,13395.0,172200.0,8520.0,223800.0,4880.0,82000.0,36506.4,40284.0,21812.0
Stony Plain (4811048) T 00000,Total Immigrant Status,20.3,18.2,26.8,8.6,4811048,Edmonton,4811048|Total Immigrant Status,17100.0,126000.0,12950.0,137200.0,4150.0,90900.0,25578.0,24970.4,24361.2
White Rock (5915007) CY 00000,Total Immigrant Status,24.0,21.2,29.8,8.6,5915007,Vancouver,5915007|Total Immigrant Status,19825.0,140600.0,13440.0,159400.0,6385.0,101100.0,33744.0,33792.8,30127.8
Port Coquitlam (5915039) CY 00000,Non-immigrants,18.7,17.0,25.6,8.6,5915039,Vancouver,5915039|Non-immigrants,32280.0,142600.0,25755.0,154800.0,6530.0,95300.0,26666.2,26316.0,24396.8
Boisbriand (2473005) V 00000,Non-immigrants,16.7,14.1,22.7,8.6,2473005,Montréal,2473005|Non-immigrants,22555.0,127100.0,15750.0,148200.0,6805.0,78300.0,21225.7,20896.2,17774.1
Sainte-Catherine (2467030) V 00000,Non-immigrants,16.5,14.7,23.1,8.4,2467030,Montréal,2467030|Non-immigrants,14115.0,117600.0,11095.0,129400.0,3025.0,74100.0,19404.0,19021.8,17117.1
Pincourt (2471070) V 00000,Immigrant,19.7,19.4,27.8,8.4,2471070,Montréal,2471070|Immigrant,3820.0,121100.0,3680.0,123600.0,140.0,57000.0,23856.7,23978.4,15846.0
Vancouver (5915022) CY 00000,Non-immigrants,22.9,18.4,26.8,8.4,5915022,Vancouver,5915022|Non-immigrants,266835.0,162600.0,124805.0,222200.0,142030.0,110400.0,37235.4,40884.799999999996,29587.2
Rosemère (2473020) V 00000,Non-immigrants,13.8,13.1,21.5,8.4,2473020,Montréal,2473020|Non-immigrants,11330.0,174800.0,10390.0,183600.0,935.0,77000.0,24122.4,24051.6,16555.0
Kirkland (2466102) V 00000,Immigrant,18.5,18.0,26.4,8.4,2466102,Montréal,2466102|Immigrant,8375.0,162800.0,7860.0,166000.0,520.0,114800.0,30118.0,29880.0,30307.2
Deux-Montagnes (2472010) V 00000,Immigrant,17.7,16.6,25.0,8.4,2472010,Montréal,2472010|Immigrant,3210.0,116000.0,2780.0,121600.0,430.0,80000.0,20532.0,20185.600000000002,20000.0
"Vancouver (CMA), B.C. 20000",Non-immigrants,20.6,17.8,26.2,8.4,,Vancouver,"Vancouver , B.C. 20000|Non-immigrants",1071675.0,159800.0,721210.0,185000.0,350465.0,107800.0,32918.8,32930.0,28243.6
Laval (2465005) V 00000,Non-immigrants,16.4,14.2,22.5,8.3,2465005,Montréal,2465005|Non-immigrants,231090.0,129800.0,170950.0,149400.0,60140.0,73900.0,21287.2,21214.8,16627.5
Ajax (3518005) T 00000,Non-immigrants,19.2,17.8,26.1,8.3,3518005,Toronto,3518005|Non-immigrants,46395.0,157200.0,38500.0,167800.0,7895.0,106300.0,30182.4,29868.4,27744.3
North Vancouver (5915046) DM 00000,Non-immigrants,18.7,17.3,25.6,8.3,5915046,Vancouver,5915046|Non-immigrants,49520.0,235800.0,41050.0,255800.0,8470.0,138400.0,44094.6,44253.4,35430.4
Sainte-Julie (2459010) V 00000,Total Immigrant Status,14.0,12.9,21.2,8.3,2459010,Montréal,2459010|Total Immigrant Status,29195.0,151000.0,25310.0,162000.0,3885.0,80100.0,21140.0,20898.0,16981.2
Canada 20000,Non-immigrants,17.7,15.6,23.8,8.2,,Canada,Canada 20000|Non-immigrants,23648635.0,131400.0,17535505.0,149200.0,6113130.0,80800.0,23257.8,23275.2,19230.4
Dollard-Des Ormeaux (2466142) V 00000,Non-immigrants,15.9,14.5,22.7,8.2,2466142,Montréal,2466142|Non-immigrants,19850.0,167600.0,16485.0,183600.0,3360.0,88700.0,26648.4,26622.0,20134.9
Pincourt (2471070) V 00000,Total Immigrant Status,16.9,16.3,24.5,8.2,2471070,Montréal,2471070|Total Immigrant Status,14615.0,127100.0,13500.0,131800.0,1115.0,71600.0,21479.9,21483.4,17542.0
Richmond Hill (3519038) T 00000,Total Immigrant Status,25.2,23.6,31.8,8.2,3519038,Toronto,3519038|Total Immigrant Status,189365.0,163800.0,153900.0,178000.0,35470.0,102600.0,41277.6,42008.0,32626.8
Beaumont (4811013) CY 00000,Non-immigrants,19.6,18.7,26.9,8.2,4811013,Edmonton,4811013|Non-immigrants,16140.0,162000.0,14360.0,169600.0,1785.0,101700.0,31752.0,31715.2,27357.3
North Vancouver (5915051) CY 00000,Non-immigrants,22.6,19.5,27.7,8.2,5915051,Vancouver,5915051|Non-immigrants,28880.0,157800.0,17695.0,190600.0,11185.0,105900.0,35662.8,37167.0,29334.3
Beaconsfield (2466107) V 00000,Immigrant,19.9,19.2,27.3,8.1,2466107,Montréal,2466107|Immigrant,6340.0,185200.0,5780.0,188200.0,555.0,153500.0,36854.799999999996,36134.4,41905.5
White Rock (5915007) CY 00000,Immigrant,26.5,24.4,32.5,8.1,5915007,Vancouver,5915007|Immigrant,6770.0,139000.0,4975.0,153000.0,1785.0,100100.0,36835.0,37332.0,32532.5
Sainte-Julie (2459010) V 00000,Non-immigrants,13.5,12.4,20.4,8.0,2459010,Montréal,2459010|Non-immigrants,26505.0,152600.0,22910.0,163800.0,3600.0,81200.0,20601.0,20311.2,16564.8
Oakville (3524001) T 00000,Immigrant,24.6,22.9,30.8,7.9,3524001,Toronto,3524001|Immigrant,110510.0,187000.0,87215.0,201600.0,23295.0,132200.0,46002.0,46166.4,40717.6
Orangeville (3522014) T 00000,Total Immigrant Status,21.5,20.0,27.9,7.9,3522014,Toronto,3522014|Total Immigrant Status,29395.0,135000.0,23765.0,147200.0,5630.0,84000.0,29025.0,29440.0,23436.0
Spruce Grove (4811049) CY 00000,Immigrant,22.1,20.3,28.2,7.9,4811049,Edmonton,4811049|Immigrant,4740.0,130400.0,3665.0,142000.0,1070.0,90600.0,28818.4,28826.0,25549.2
Aurora (3519046) T 00000,Total Immigrant Status,22.8,21.5,29.3,7.8,3519046,Toronto,3519046|Total Immigrant Status,59420.0,187200.0,49665.0,202400.0,9755.0,109800.0,42681.6,43516.0,32171.4
Brampton (3521010) CY 00000,Non-immigrants,20.6,18.8,26.6,7.8,3521010,Toronto,3521010|Non-immigrants,117295.0,145600.0,90670.0,160800.0,26620.0,94100.0,29993.6,30230.4,25030.6
Morinville (4811068) T 00000,Total Immigrant Status,19.7,18.5,26.3,7.8,4811068,Edmonton,4811068|Total Immigrant Status,10020.0,133400.0,8540.0,140400.0,1480.0,93000.0,26279.8,25974.0,24459.0
Beloeil (2457040) V 00000,Non-immigrants,16.6,14.9,22.7,7.8,2457040,Montréal,2457040|Non-immigrants,21815.0,125300.0,17195.0,138200.0,4620.0,77200.0,20799.800000000003,20591.8,17524.4
Vaudreuil-Dorion (2471083) V 00000,Non-immigrants,17.2,15.4,23.2,7.8,2471083,Montréal,2471083|Non-immigrants,27715.0,119000.0,21415.0,130600.0,6300.0,79900.0,20468.0,20112.4,18536.8
Saint-Eustache (2472005) V 00000,Non-immigrants,16.0,14.1,21.9,7.8,2472005,Montréal,2472005|Non-immigrants,37540.0,112700.0,28380.0,127500.0,9160.0,67100.0,18032.0,17977.5,14694.9
Rosemère (2473020) V 00000,Total Immigrant Status,14.5,13.9,21.6,7.7,2473020,Montréal,2473020|Total Immigrant Status,13955.0,169000.0,12800.0,176800.0,1160.0,83400.0,24505.0,24575.2,18014.4
Repentigny (2460013) V 00000,Non-immigrants,15.7,14.3,22.0,7.7,2460013,Montréal,2460013|Non-immigrants,67410.0,124600.0,55175.0,136000.0,12235.0,73100.0,19562.2,19448.0,16082.0
Hampstead (2466062) V 00000,Total Immigrant Status,18.5,16.6,24.3,7.7,2466062,Montréal,2466062|Total Immigrant Status,6725.0,345200.0,5100.0,393200.0,1630.0,194800.0,63862.0,65271.20000000001,47336.4
Uxbridge (3518029) TP 00000,Non-immigrants,18.4,17.5,25.2,7.7,3518029,Toronto,3518029|Non-immigrants,17005.0,184000.0,14990.0,195800.0,2020.0,95600.0,33855.99999999999,34265.0,24091.2
Georgina (3519070) T 00000,Non-immigrants,19.9,18.6,26.3,7.7,3519070,Toronto,3519070|Non-immigrants,36765.0,134200.0,30515.0,142800.0,6250.0,92500.0,26705.8,26560.8,24327.5
Dorval (2466087) V 00000,Total Immigrant Status,17.7,15.2,22.8,7.6,2466087,Montréal,2466087|Total Immigrant Status,18760.0,144800.0,12715.0,178800.0,6040.0,73500.0,25629.6,27177.6,16758.0
Sainte-Catherine (2467030) V 00000,Total Immigrant Status,16.7,15.2,22.8,7.6,2467030,Montréal,2467030|Total Immigrant Status,16510.0,118600.0,13300.0,129200.0,3205.0,74400.0,19806.2,19638.4,16963.2
Markham (3519036) CY 00000,Total Immigrant Status,23.8,22.7,30.3,7.6,3519036,Toronto,3519036|Total Immigrant Status,323895.0,154200.0,273980.0,163000.0,49920.0,105900.0,36699.6,37001.0,32087.7
North Vancouver (5915046) DM 00000,Total Immigrant Status,21.5,19.9,27.5,7.6,5915046,Vancouver,5915046|Total Immigrant Status,84165.0,209800.0,67020.0,229800.0,17140.0,132400.0,45107.0,45730.2,36410.0
Blainville (2473015) V 00000,Non-immigrants,15.2,13.8,21.4,7.6,2473015,Montréal,2473015|Non-immigrants,48875.0,159200.0,40240.0,174400.0,8635.0,87700.0,24198.4,24067.2,18767.8
Saint-Basile-le-Grand (2457020) V 00000,Non-immigrants,14.8,14.1,21.6,7.5,2457020,Montréal,2457020|Non-immigrants,15135.0,147800.0,13780.0,154600.0,1350.0,78300.0,21874.4,21798.6,16912.8
Pointe-Claire (2466097) V 00000,Immigrant,19.0,17.1,24.6,7.5,2466097,Montréal,2466097|Immigrant,11240.0,143600.0,8355.0,139000.0,2885.0,157000.0,27284.0,23769.0,38622.0
Baie-D'Urfé (2466112) V 00000,Total Immigrant Status,14.8,14.5,22.0,7.5,2466112,Montréal,2466112|Total Immigrant Status,3615.0,223400.0,3460.0,225800.0,150.0,168000.0,33063.2,32741.0,36960.0
Saint-Jérôme (2475017) V 00000,Non-immigrants,18.6,15.5,23.0,7.5,2475017,Montréal,2475017|Non-immigrants,70830.0,95400.0,41640.0,117500.0,29190.0,63850.0,17744.4,18212.5,14685.5
Beaumont (4811013) CY 00000,Total Immigrant Status,20.1,19.3,26.8,7.5,4811013,Edmonton,4811013|Total Immigrant Status,20560.0,160600.0,18350.0,167800.0,2215.0,102300.0,32280.6,32385.4,27416.4
Leduc (4811016) CY 00000,Non-immigrants,20.6,18.8,26.3,7.5,4811016,Edmonton,4811016|Non-immigrants,28215.0,136200.0,21655.0,149200.0,6555.0,93500.0,28057.2,28049.6,24590.5
Beloeil (2457040) V 00000,Total Immigrant Status,16.7,15.2,22.6,7.4,2457040,Montréal,2457040|Total Immigrant Status,23635.0,125300.0,18710.0,137800.0,4925.0,77900.0,20925.1,20945.6,17605.4
Mont-Royal (2466072) V 00000,Total Immigrant Status,17.8,15.7,23.1,7.4,2466072,Montréal,2466072|Total Immigrant Status,19960.0,266800.0,14350.0,328800.0,5615.0,108300.0,47490.4,51621.6,25017.3
Richmond Hill (3519038) T 00000,Immigrant,27.1,25.7,33.1,7.4,3519038,Toronto,3519038|Immigrant,146335.0,153400.0,118815.0,166000.0,27520.0,98800.0,41571.4,42662.0,32702.8
Surrey (5915004) CY 00000,Non-immigrants,19.7,17.7,25.1,7.4,5915004,Vancouver,5915004|Non-immigrants,183435.0,145800.0,133880.0,162200.0,49550.0,101000.0,28722.6,28709.4,25351.0
Saint-Basile-le-Grand (2457020) V 00000,Total Immigrant Status,15.1,14.4,21.8,7.4,2457020,Montréal,2457020|Total Immigrant Status,16870.0,146000.0,15320.0,153000.0,1555.0,78600.0,22046.0,22032.0,17134.8
Candiac (2467020) V 00000,Immigrant,21.1,20.3,27.7,7.4,2467020,Montréal,2467020|Immigrant,5170.0,145600.0,4585.0,153400.0,580.0,84000.0,30721.6,31140.2,23268.0
Delson (2467025) V 00000,Non-immigrants,15.5,13.7,21.0,7.3,2467025,Montréal,2467025|Non-immigrants,7035.0,115400.0,5235.0,128200.0,1800.0,78400.0,17887.0,17563.4,16464.0
Saint-Constant (2467035) V 00000,Non-immigrants,15.2,13.8,21.1,7.3,2467035,Montréal,2467035|Non-immigrants,23535.0,129200.0,19195.0,140600.0,4345.0,78000.0,19638.4,19402.8,16458.0
North Vancouver (5915051) CY 00000,Total Immigrant Status,24.4,21.3,28.6,7.3,5915051,Vancouver,5915051|Total Immigrant Status,55065.0,142000.0,31715.0,171000.0,23350.0,102600.0,34648.0,36423.0,29343.6
West Vancouver (5915055) DM 00000,Immigrant,30.7,28.5,35.7,7.2,5915055,Vancouver,5915055|Immigrant,20570.0,245000.0,14485.0,278800.0,6080.0,164400.0,75215.0,79458.0,58690.80000000001
Whitchurch-Stouffville (3519044) T 00000,Non-immigrants,19.4,18.6,25.8,7.2,3519044,Toronto,3519044|Non-immigrants,24680.0,182600.0,21730.0,191200.0,2950.0,119400.0,35424.399999999994,35563.200000000004,30805.2
Milton (3524009) T 00000,Total Immigrant Status,23.1,22.0,29.2,7.2,3524009,Toronto,3524009|Total Immigrant Status,128990.0,159000.0,109715.0,166600.0,19275.0,115500.0,36729.0,36652.0,33726.0
New Tecumseth (3543007) T 00000,Non-immigrants,20.1,19.0,26.2,7.2,3543007,Toronto,3543007|Non-immigrants,30615.0,134000.0,25720.0,141600.0,4895.0,93400.0,26934.0,26904.0,24470.8
Richelieu (2455057) V 00000,Non-immigrants,17.3,15.0,22.1,7.1,2455057,Montréal,2455057|Non-immigrants,5075.0,116700.0,3470.0,135400.0,1610.0,76600.0,20189.1,20310.0,16928.6
Maple Ridge (5915075) CY 00000,Non-immigrants,20.3,19.0,26.1,7.1,5915075,Vancouver,5915075|Non-immigrants,62175.0,145200.0,50520.0,156400.0,11655.0,96600.0,29475.6,29716.0,25212.6
Richelieu (2455057) V 00000,Total Immigrant Status,17.3,15.1,22.2,7.1,2455057,Montréal,2455057|Total Immigrant Status,5335.0,118000.0,3640.0,137400.0,1690.0,76400.0,20414.0,20747.4,16960.8
Bowen Island (5915062) IM 00000,Non-immigrants,20.6,19.8,26.9,7.1,5915062,Vancouver,5915062|Non-immigrants,2975.0,196400.0,2650.0,209200.0,320.0,91600.0,40458.4,41421.6,24640.4
Dollard-Des Ormeaux (2466142) V 00000,Total Immigrant Status,17.4,16.0,23.0,7.0,2466142,Montréal,2466142|Total Immigrant Status,47270.0,144800.0,37500.0,160000.0,9770.0,86300.0,25195.2,25600.0,19849.0
La Prairie (2467015) V 00000,Total Immigrant Status,16.7,15.2,22.2,7.0,2467015,Montréal,2467015|Total Immigrant Status,25950.0,139400.0,20650.0,156200.0,5300.0,74100.0,23279.8,23742.4,16450.2
Uxbridge (3518029) TP 00000,Total Immigrant Status,19.0,18.2,25.2,7.0,3518029,Toronto,3518029|Total Immigrant Status,20500.0,178800.0,18190.0,189600.0,2305.0,93600.0,33972.0,34507.2,23587.2
New Westminster (5915029) CY 00000,Non-immigrants,21.9,19.2,26.2,7.0,5915029,Vancouver,5915029|Non-immigrants,38185.0,129400.0,23475.0,156200.0,14715.0,86700.0,28338.6,29990.4,22715.4
Port Coquitlam (5915039) CY 00000,Total Immigrant Status,20.1,18.7,25.7,7.0,5915039,Vancouver,5915039|Total Immigrant Status,59215.0,138800.0,47495.0,149200.0,11715.0,96600.0,27898.8,27900.4,24826.2
"Montréal (CMA), Que. 20000",Non-immigrants,17.2,14.9,21.9,7.0,,Montréal,"Montréal , Que. 20000|Non-immigrants",2644045.0,129200.0,1769440.0,155800.0,874610.0,75300.0,22222.4,23214.2,16490.7
Lavaltrie (2452007) V 00000,Non-immigrants,16.4,15.1,22.0,6.9,2452007,Montréal,2452007|Non-immigrants,13555.0,108200.0,10870.0,117300.0,2680.0,71300.0,17744.8,17712.3,15686.0
Saint-Jérôme (2475017) V 00000,Total Immigrant Status,18.7,15.9,22.8,6.9,2475017,Montréal,2475017|Total Immigrant Status,77220.0,96100.0,45830.0,117400.0,31395.0,65000.0,17970.7,18666.6,14820.0
Châteauguay (2467050) V 00000,Non-immigrants,17.7,16.0,22.9,6.9,2467050,Montréal,2467050|Non-immigrants,34475.0,109900.0,25825.0,122900.0,8645.0,70900.0,19452.3,19664.0,16236.1
East Gwillimbury (3519054) T 00000,Total Immigrant Status,22.8,21.8,28.7,6.9,3519054,Toronto,3519054|Total Immigrant Status,33195.0,158000.0,28310.0,164800.0,4890.0,118200.0,36024.0,35926.4,33923.4
Lavaltrie (2452007) V 00000,Total Immigrant Status,16.5,15.2,22.0,6.8,2452007,Montréal,2452007|Total Immigrant Status,14225.0,107900.0,11475.0,116700.0,2745.0,71100.0,17803.5,17738.4,15642.0
Otterburn Park (2457030) V 00000,Non-immigrants,15.2,14.5,21.3,6.8,2457030,Montréal,2457030|Non-immigrants,7850.0,137600.0,7050.0,143600.0,800.0,85600.0,20915.2,20822.0,18232.8
Markham (3519036) CY 00000,Immigrant,24.9,23.9,30.7,6.8,3519036,Toronto,3519036|Immigrant,264705.0,146200.0,225390.0,153400.0,39315.0,104200.0,36403.8,36662.6,31989.4
"Edmonton (CMA), Alta. 00000",Total Immigrant Status,20.4,18.5,25.3,6.8,,Edmonton,"Edmonton , Alta. 00000|Total Immigrant Status",1367905.0,138400.0,1004550.0,156600.0,363355.0,88300.0,28233.6,28971.0,22339.9
Delson (2467025) V 00000,Total Immigrant Status,16.0,14.4,21.2,6.8,2467025,Montréal,2467025|Total Immigrant Status,8250.0,115500.0,6330.0,126800.0,1920.0,78100.0,18480.0,18259.2,16557.2
Canada 20000,Total Immigrant Status,19.2,17.3,24.0,6.7,,Canada,Canada 20000|Total Immigrant Status,34973090.0,131000.0,25209770.0,148800.0,9763320.0,84900.0,25152.0,25742.4,20376.0
Longueuil (2458227) V 00000,Non-immigrants,17.2,14.5,21.2,6.7,2458227,Montréal,2458227|Non-immigrants,171735.0,108600.0,103070.0,134400.0,68660.0,69900.0,18679.2,19488.0,14818.8
Varennes (2459020) V 00000,Non-immigrants,13.7,12.7,19.4,6.7,2459020,Montréal,2459020|Non-immigrants,19630.0,142200.0,16635.0,153800.0,3000.0,77800.0,19481.4,19532.6,15093.2
Saint-Eustache (2472005) V 00000,Total Immigrant Status,16.4,14.8,21.5,6.7,2472005,Montréal,2472005|Total Immigrant Status,43795.0,113000.0,33650.0,126200.0,10145.0,69300.0,18531.999999999996,18677.6,14899.5
Saint-Placide (2472043) MÉ 00000,Total Immigrant Status,17.9,16.5,23.2,6.7,2472043,Montréal,2472043|Total Immigrant Status,1575.0,110900.0,1245.0,117600.0,330.0,86000.0,19851.1,19404.0,19952.0
Saint-Placide (2472043) MÉ 00000,Non-immigrants,17.9,16.5,23.2,6.7,2472043,Montréal,2472043|Non-immigrants,1460.0,108800.0,1145.0,115600.0,315.0,84000.0,19475.199999999997,19074.0,19488.0
Boisbriand (2473005) V 00000,Total Immigrant Status,17.1,15.3,22.0,6.7,2473005,Montréal,2473005|Total Immigrant Status,28060.0,124900.0,20220.0,142400.0,7835.0,79900.0,21357.9,21787.2,17578.0
Georgina (3519070) T 00000,Total Immigrant Status,21.1,20.0,26.7,6.7,3519070,Toronto,3519070|Total Immigrant Status,46110.0,133800.0,38805.0,141800.0,7305.0,90600.0,28231.8,28360.0,24190.2
Coquitlam (5915034) CY 00000,Total Immigrant Status,22.5,20.7,27.4,6.7,5915034,Vancouver,5915034|Total Immigrant Status,141395.0,140800.0,104235.0,155800.0,37160.0,98500.0,31680.0,32250.6,26989.0
L'Île-Perrot (2471060) V 00000,Non-immigrants,17.6,15.5,22.1,6.6,2471060,Montréal,2471060|Non-immigrants,8405.0,106700.0,5740.0,124100.0,2660.0,69200.0,18779.2,19235.5,15293.2
Sainte-Marthe-sur-le-Lac (2472015) V 00000,Immigrant,19.8,19.5,26.1,6.6,2472015,Montréal,2472015|Immigrant,3720.0,129000.0,3530.0,131600.0,190.0,82000.0,25542.0,25662.0,21402.0
Sainte-Thérèse (2473010) V 00000,Non-immigrants,18.6,15.5,22.1,6.6,2473010,Montréal,2473010|Non-immigrants,22035.0,103100.0,11800.0,133600.0,10235.0,67900.0,19176.600000000002,20708.0,15005.9
Gore (2476025) CT 01010,Total Immigrant Status,14.5,13.7,20.3,6.6,2476025,Montréal,2476025|Total Immigrant Status,2255.0,102300.0,1975.0,105200.0,280.0,82000.0,14833.5,14412.4,16646.0
Fort Saskatchewan (4811056) CY 00000,Immigrant,19.7,18.4,25.0,6.6,4811056,Edmonton,4811056|Immigrant,3085.0,131200.0,2450.0,142200.0,635.0,88800.0,25846.4,26164.8,22200.0
Mercier (2467045) V 00000,Non-immigrants,15.3,14.3,20.9,6.6,2467045,Montréal,2467045|Non-immigrants,12025.0,132800.0,10220.0,142600.0,1810.0,77700.0,20318.4,20391.8,16239.3
Mont-Saint-Hilaire (2457035) V 00000,Non-immigrants,14.9,14.0,20.5,6.5,2457035,Montréal,2457035|Non-immigrants,16925.0,170200.0,14625.0,183800.0,2300.0,82900.0,25359.8,25732.0,16994.5
Notre-Dame-de-l'Île-Perrot (2471065) V 00000,Immigrant,19.3,19.1,25.6,6.5,2471065,Montréal,2471065|Immigrant,2550.0,134600.0,2480.0,136400.0,70.0,74000.0,25977.8,26052.4,18944.0
Sainte-Anne-des-Plaines (2473035) V 00000,Immigrant,20.3,19.3,25.8,6.5,2473035,Montréal,2473035|Immigrant,705.0,105200.0,595.0,110000.0,110.0,79000.0,21355.6,21230.0,20382.0
Mississauga (3521005) CY 00000,Total Immigrant Status,22.1,20.4,26.9,6.5,3521005,Toronto,3521005|Total Immigrant Status,694110.0,151000.0,513330.0,169000.0,180780.0,100000.0,33371.0,34475.99999999999,26900.0
Repentigny (2460013) V 00000,Total Immigrant Status,16.4,15.4,21.9,6.5,2460013,Montréal,2460013|Total Immigrant Status,84445.0,125600.0,70540.0,135400.0,13900.0,75400.0,20598.399999999998,20851.6,16512.6
Terrebonne (2464008) V 00000,Non-immigrants,16.1,14.9,21.4,6.5,2464008,Montréal,2464008|Non-immigrants,94475.0,128400.0,76585.0,140400.0,17895.0,77300.0,20672.4,20919.6,16542.2
Brossard (2458007) V 00000,Total Immigrant Status,18.3,16.6,23.0,6.4,2458007,Montréal,2458007|Total Immigrant Status,87410.0,126200.0,64250.0,140800.0,23155.0,85900.0,23094.6,23372.8,19757.0
Deux-Montagnes (2472010) V 00000,Total Immigrant Status,16.5,15.0,21.4,6.4,2472010,Montréal,2472010|Total Immigrant Status,17515.0,120400.0,13365.0,134400.0,4150.0,75500.0,19866.0,20160.0,16157.0
Caledon (3521024) T 00000,Total Immigrant Status,20.7,20.1,26.5,6.4,3521024,Toronto,3521024|Total Immigrant Status,74410.0,175200.0,68225.0,180200.0,6185.0,120500.0,36266.4,36220.200000000004,31932.5
Pitt Meadows (5915070) CY 00000,Total Immigrant Status,20.0,18.8,25.2,6.4,5915070,Vancouver,5915070|Total Immigrant Status,18520.0,141800.0,15220.0,152200.0,3305.0,94000.0,28360.0,28613.6,23688.0
Otterburn Park (2457030) V 00000,Total Immigrant Status,15.5,14.8,21.1,6.3,2457030,Montréal,2457030|Total Immigrant Status,8425.0,136400.0,7585.0,142000.0,840.0,84800.0,21142.0,21016.0,17892.800000000003
Varennes (2459020) V 00000,Total Immigrant Status,13.9,13.0,19.3,6.3,2459020,Montréal,2459020|Total Immigrant Status,20675.0,140800.0,17500.0,152200.0,3170.0,78000.0,19571.2,19786.0,15054.0
Deux-Montagnes (2472010) V 00000,Non-immigrants,16.3,14.7,21.0,6.3,2472010,Montréal,2472010|Non-immigrants,14305.0,121300.0,10585.0,137600.0,3725.0,75000.0,19771.9,20227.2,15750.0
Vancouver (5915022) CY 00000,Total Immigrant Status,23.2,20.2,26.5,6.3,5915022,Vancouver,5915022|Total Immigrant Status,615670.0,150200.0,323825.0,186800.0,291845.0,109500.0,34846.4,37733.6,29017.5
Blainville (2473015) V 00000,Total Immigrant Status,15.9,14.9,21.2,6.3,2473015,Montréal,2473015|Total Immigrant Status,58615.0,155800.0,49050.0,169000.0,9570.0,89100.0,24772.2,25181.0,18889.2
Pickering (3518001) CY 00000,Total Immigrant Status,21.2,20.4,26.6,6.2,3518001,Toronto,3518001|Total Immigrant Status,97075.0,162600.0,84715.0,171000.0,12355.0,104500.0,34471.2,34883.99999999999,27797.0
Mont-Saint-Hilaire (2457035) V 00000,Total Immigrant Status,15.1,14.3,20.5,6.2,2457035,Montréal,2457035|Total Immigrant Status,18190.0,167400.0,15675.0,180800.0,2510.0,83300.0,25277.4,25854.4,17076.5
Bois-des-Filion (2473030) V 00000,Non-immigrants,17.1,15.8,22.0,6.2,2473030,Montréal,2473030|Non-immigrants,7875.0,114200.0,6220.0,124800.0,1650.0,74100.0,19528.2,19718.4,16302.0
Strathcona County (4811052) SM 00000,Immigrant,18.0,17.1,23.3,6.2,4811052,Edmonton,4811052|Immigrant,12655.0,171600.0,10865.0,181600.0,1790.0,110200.0,30888.0,31053.600000000006,25676.6
Edmonton (4811061) CY 00000,Total Immigrant Status,21.0,19.1,25.3,6.2,4811061,Edmonton,4811061|Total Immigrant Status,979875.0,132200.0,675070.0,152600.0,304800.0,86700.0,27762.0,29146.6,21935.1
Redwater (4811065) T 00020,Total Immigrant Status,18.5,16.6,22.8,6.2,4811065,Edmonton,4811065|Total Immigrant Status,2030.0,125500.0,1400.0,139600.0,630.0,94400.0,23217.5,23173.6,21523.2
Langley (5915001) DM 00000,Non-immigrants,19.3,18.3,24.5,6.2,5915001,Vancouver,5915001|Non-immigrants,87405.0,160000.0,73580.0,169400.0,13825.0,109300.0,30880.0,31000.2,26778.5
Port Moody (5915043) CY 00000,Non-immigrants,18.4,17.1,23.3,6.2,5915043,Vancouver,5915043|Non-immigrants,19310.0,182400.0,15090.0,193400.0,4220.0,142400.0,33561.6,33071.4,33179.2
Saint-Jean-sur-Richelieu (2456083) V 00000,Non-immigrants,16.4,14.5,20.6,6.1,2456083,Montréal,2456083|Non-immigrants,89515.0,112200.0,61420.0,132200.0,28095.0,68600.0,18400.8,19169.0,14131.6
Côte-Saint-Luc (2466058) V 00000,Total Immigrant Status,22.6,19.7,25.8,6.1,2466058,Montréal,2466058|Total Immigrant Status,32835.0,139000.0,17510.0,192800.0,15325.0,77600.0,31414.0,37981.6,20020.8
Delson (2467025) V 00000,Immigrant,18.5,17.9,24.0,6.1,2467025,Montréal,2467025|Immigrant,1210.0,115800.0,1095.0,120400.0,120.0,73000.0,21423.0,21551.6,17520.0
L'Île-Perrot (2471060) V 00000,Total Immigrant Status,18.1,16.4,22.5,6.1,2471060,Montréal,2471060|Total Immigrant Status,11095.0,109400.0,7985.0,124900.0,3110.0,69500.0,19801.4,20483.6,15637.5
Newmarket (3519048) T 00000,Total Immigrant Status,22.4,21.2,27.3,6.1,3519048,Toronto,3519048|Total Immigrant Status,84735.0,154600.0,67930.0,168000.0,16805.0,100600.0,34630.4,35616.0,27463.8
Leduc (4811016) CY 00000,Total Immigrant Status,20.7,19.2,25.3,6.1,4811016,Edmonton,4811016|Total Immigrant Status,33260.0,133600.0,25230.0,146200.0,8035.0,94100.0,27655.2,28070.4,23807.3
Mirabel (2474005) V 00000,Non-immigrants,16.3,14.6,20.7,6.1,2474005,Montréal,2474005|Non-immigrants,55355.0,121400.0,40045.0,137400.0,15305.0,80000.0,19788.2,20060.4,16560.0
Gore (2476025) CT 01010,Non-immigrants,14.7,13.9,20.0,6.1,2476025,Montréal,2476025|Non-immigrants,2040.0,103100.0,1775.0,106000.0,265.0,84000.0,15155.7,14734.0,16800.0
Dollard-Des Ormeaux (2466142) V 00000,Immigrant,18.5,17.1,23.2,6.1,2466142,Montréal,2466142|Immigrant,27425.0,128200.0,21010.0,141400.0,6410.0,85100.0,23717.0,24179.4,19743.2
Saint-Constant (2467035) V 00000,Total Immigrant Status,16.1,15.1,21.1,6.0,2467035,Montréal,2467035|Total Immigrant Status,29595.0,128400.0,24760.0,138000.0,4830.0,79100.0,20672.4,20838.0,16690.1
Oka (2472032) MÉ 00000,Non-immigrants,15.5,14.6,20.6,6.0,2472032,Montréal,2472032|Non-immigrants,3690.0,133600.0,3140.0,144600.0,540.0,70000.0,20708.0,21111.6,14420.0
Lavaltrie (2452007) V 00000,Immigrant,18.1,17.6,23.6,6.0,2452007,Montréal,2452007|Immigrant,665.0,103200.0,610.0,107200.0,60.0,62000.0,18679.2,18867.2,14632.0
Montréal-Ouest (2466047) V 00000,Non-immigrants,16.6,15.5,21.5,6.0,2466047,Montréal,2466047|Non-immigrants,3165.0,255400.0,2605.0,291200.0,565.0,89200.0,42396.4,45136.0,19178.0
L'Île-Perrot (2471060) V 00000,Immigrant,19.6,18.6,24.6,6.0,2471060,Montréal,2471060|Immigrant,2695.0,117600.0,2245.0,126900.0,450.0,71200.0,23049.6,23603.4,17515.2
North Vancouver (5915051) CY 00000,Immigrant,26.3,23.5,29.5,6.0,5915051,Vancouver,5915051|Immigrant,26185.0,124500.0,14020.0,146200.0,12160.0,99500.0,32743.5,34357.0,29352.5
Sainte-Thérèse (2473010) V 00000,Total Immigrant Status,18.7,15.9,21.9,6.0,2473010,Montréal,2473010|Total Immigrant Status,24660.0,102200.0,13385.0,131000.0,11280.0,68100.0,19111.4,20829.0,14913.9
Maple Ridge (5915075) CY 00000,Total Immigrant Status,21.2,20.2,26.1,5.9,5915075,Vancouver,5915075|Total Immigrant Status,88150.0,144200.0,73385.0,153600.0,14765.0,97500.0,30570.4,31027.2,25447.5
Sainte-Anne-des-Plaines (2473035) V 00000,Non-immigrants,16.4,14.9,20.8,5.9,2473035,Montréal,2473035|Non-immigrants,13665.0,107200.0,10205.0,119600.0,3460.0,70600.0,17580.8,17820.4,14684.8
Saint-Philippe (2467010) V 00000,Non-immigrants,15.8,15.0,20.9,5.9,2467010,Montréal,2467010|Non-immigrants,6470.0,132000.0,5630.0,139000.0,835.0,84800.0,20856.0,20850.0,17723.199999999997
Toronto (3520005) C 00000,Total Immigrant Status,23.0,20.5,26.4,5.9,3520005,Toronto,3520005|Total Immigrant Status,2663675.0,152400.0,1529530.0,193800.0,1134145.0,96900.0,35052.0,39729.0,25581.6
New Tecumseth (3543007) T 00000,Total Immigrant Status,21.3,20.5,26.4,5.9,3543007,Toronto,3543007|Total Immigrant Status,42730.0,132200.0,36740.0,138400.0,5985.0,94500.0,28158.6,28372.0,24948.0
Redwater (4811065) T 00020,Non-immigrants,18.4,16.6,22.5,5.9,4811065,Edmonton,4811065|Non-immigrants,1950.0,127100.0,1345.0,141600.0,605.0,94800.0,23386.4,23505.6,21330.0
Langley (5915002) CY 00000,Non-immigrants,21.7,19.8,25.7,5.9,5915002,Vancouver,5915002|Non-immigrants,19435.0,113200.0,13250.0,129600.0,6190.0,78100.0,24564.4,25660.8,20071.7
Saint-Jean-sur-Richelieu (2456083) V 00000,Total Immigrant Status,16.5,14.7,20.5,5.8,2456083,Montréal,2456083|Total Immigrant Status,94960.0,112300.0,65120.0,132000.0,29840.0,69300.0,18529.5,19404.0,14206.5
Sainte-Anne-des-Plaines (2473035) V 00000,Total Immigrant Status,16.6,15.2,21.0,5.8,2473035,Montréal,2473035|Total Immigrant Status,14365.0,107100.0,10800.0,119100.0,3575.0,70900.0,17778.600000000002,18103.2,14889.0
Saint-Basile-le-Grand (2457020) V 00000,Immigrant,17.7,17.1,22.9,5.8,2457020,Montréal,2457020|Immigrant,1735.0,131800.0,1535.0,138400.0,200.0,81000.0,23328.6,23666.4,18549.0
Châteauguay (2467050) V 00000,Total Immigrant Status,18.3,17.1,22.9,5.8,2467050,Montréal,2467050|Total Immigrant Status,49640.0,110600.0,39245.0,121100.0,10400.0,71200.0,20239.8,20708.100000000002,16304.8
Milton (3524009) T 00000,Immigrant,25.5,24.6,30.4,5.8,3524009,Toronto,3524009|Immigrant,76365.0,151000.0,65135.0,157000.0,11235.0,116300.0,38505.0,38622.0,35355.2
Delta (5915011) CY 00000,Total Immigrant Status,19.9,18.6,24.4,5.8,5915011,Vancouver,5915011|Total Immigrant Status,104965.0,152800.0,82305.0,164000.0,22660.0,112100.0,30407.2,30504.000000000004,27352.4
Mirabel (2474005) V 00000,Total Immigrant Status,16.6,15.1,20.8,5.7,2474005,Montréal,2474005|Total Immigrant Status,59970.0,120700.0,43655.0,135800.0,16315.0,80100.0,20036.2,20505.8,16660.8
Vaudreuil-Dorion (2471083) V 00000,Total Immigrant Status,18.4,17.3,23.0,5.7,2471083,Montréal,2471083|Total Immigrant Status,41710.0,119600.0,33585.0,128600.0,8125.0,82300.0,22006.4,22247.8,18929.0
Oka (2472032) MÉ 00000,Total Immigrant Status,15.6,14.8,20.5,5.7,2472032,Montréal,2472032|Total Immigrant Status,3785.0,133000.0,3235.0,143800.0,550.0,69600.0,20748.0,21282.4,14268.0
"Toronto (CMA), Ont. 00000",Total Immigrant Status,22.8,21.2,26.9,5.7,,Toronto,"Toronto , Ont. 00000|Total Immigrant Status",5955865.0,157000.0,4237775.0,180200.0,1718085.0,99800.0,35796.0,38202.4,26846.2
Langley (5915001) DM 00000,Total Immigrant Status,20.6,19.7,25.4,5.7,5915001,Vancouver,5915001|Total Immigrant Status,126220.0,155400.0,106520.0,163400.0,19705.0,112600.0,32012.4,32189.8,28600.4
Richmond (5915015) CY 00000,Total Immigrant Status,23.5,22.0,27.7,5.7,5915015,Vancouver,5915015|Total Immigrant Status,194585.0,130200.0,144150.0,140200.0,50435.0,101600.0,30597.0,30844.0,28143.2
Metro Vancouver A (5915020) RDA 00000,Total Immigrant Status,30.2,27.2,32.9,5.7,5915020,Vancouver,5915020|Total Immigrant Status,13285.0,145600.0,6175.0,176800.0,7110.0,118600.0,43971.2,48089.6,39019.4
Bradford West Gwillimbury (3543014) T 00000,Non-immigrants,20.4,19.5,25.1,5.6,3543014,Toronto,3543014|Non-immigrants,21335.0,150600.0,17685.0,159800.0,3650.0,105700.0,30722.4,31161.0,26530.7
Parkland County (4811034) MD 00000,Non-immigrants,17.2,16.8,22.4,5.6,4811034,Edmonton,4811034|Non-immigrants,27390.0,165000.0,25390.0,170000.0,2000.0,101700.0,28380.0,28560.0,22780.8
Charlemagne (2460005) V 00000,Total Immigrant Status,17.0,14.7,20.2,5.5,2460005,Montréal,2460005|Total Immigrant Status,6245.0,94000.0,3700.0,111900.0,2550.0,68200.0,15980.0,16449.3,13776.4
Mississauga (3521005) CY 00000,Immigrant,23.1,21.6,27.1,5.5,3521005,Toronto,3521005|Immigrant,510250.0,141600.0,371075.0,157000.0,139175.0,100500.0,32709.6,33912.0,27235.5
Parkland County (4811034) MD 00000,Total Immigrant Status,17.3,17.0,22.5,5.5,4811034,Edmonton,4811034|Total Immigrant Status,30350.0,164800.0,28210.0,169400.0,2145.0,103700.0,28510.4,28798.0,23332.5
Burnaby (5915025) CY 00000,Total Immigrant Status,22.2,20.3,25.8,5.5,5915025,Vancouver,5915025|Total Immigrant Status,234090.0,135200.0,152890.0,153400.0,81200.0,101000.0,30014.4,31140.2,26058.0
Charlemagne (2460005) V 00000,Non-immigrants,16.5,14.2,19.6,5.4,2460005,Montréal,2460005|Non-immigrants,5675.0,94300.0,3290.0,112700.0,2385.0,69000.0,15559.5,16003.4,13524.0
Saint-Philippe (2467010) V 00000,Total Immigrant Status,16.2,15.5,20.9,5.4,2467010,Montréal,2467010|Total Immigrant Status,7330.0,131800.0,6415.0,138800.0,920.0,83200.0,21351.6,21514.0,17388.8
Warburg (4811024) VL 00010,Non-immigrants,19.8,18.3,23.7,5.4,4811024,Edmonton,4811024|Non-immigrants,600.0,86800.0,435.0,92000.0,165.0,73000.0,17186.4,16836.0,17301.0
Lions Bay (5915065) VL 00000,Total Immigrant Status,21.4,20.8,26.2,5.4,5915065,Vancouver,5915065|Total Immigrant Status,1350.0,213400.0,1195.0,219200.0,150.0,168000.0,45667.6,45593.6,44016.0
Chambly (2457005) V 00000,Non-immigrants,15.5,14.5,19.8,5.3,2457005,Montréal,2457005|Non-immigrants,26815.0,135200.0,21635.0,149400.0,5185.0,75800.0,20956.0,21663.0,15008.4
Terrebonne (2464008) V 00000,Total Immigrant Status,16.7,15.7,21.0,5.3,2464008,Montréal,2464008|Total Immigrant Status,117455.0,128600.0,97055.0,139000.0,20395.0,79800.0,21476.2,21823.0,16758.0
Laval (2465005) V 00000,Total Immigrant Status,17.6,16.2,21.5,5.3,2465005,Montréal,2465005|Total Immigrant Status,425775.0,123500.0,313255.0,140400.0,112525.0,76800.0,21736.0,22744.8,16512.0
Mercier (2467045) V 00000,Total Immigrant Status,16.1,15.3,20.6,5.3,2467045,Montréal,2467045|Total Immigrant Status,14475.0,130800.0,12405.0,139400.0,2070.0,79300.0,21058.8,21328.2,16335.8
"Vancouver (CMA), B.C. 20000",Total Immigrant Status,22.4,20.7,26.0,5.3,,Vancouver,"Vancouver , B.C. 20000|Total Immigrant Status",2487665.0,148000.0,1696895.0,167400.0,790770.0,106300.0,33152.0,34651.8,27638.0
North Vancouver (5915046) DM 00000,Immigrant,25.3,24.0,29.3,5.3,5915046,Vancouver,5915046|Immigrant,34650.0,173000.0,25975.0,188400.0,8670.0,126600.0,43769.0,45216.0,37093.8
Coteau-du-Lac (2471040) V 00000,Non-immigrants,14.4,13.4,18.7,5.3,2471040,Montréal,2471040|Non-immigrants,6795.0,134600.0,5560.0,148200.0,1235.0,73600.0,19382.4,19858.8,13763.2
Montréal (2466023) V 00000,Non-immigrants,19.4,16.6,21.9,5.3,2466023,Montréal,2466023|Non-immigrants,821350.0,117700.0,383990.0,165200.0,437355.0,76100.0,22833.8,27423.200000000004,16665.9
Longueuil (2458227) V 00000,Total Immigrant Status,17.7,15.6,20.8,5.2,2458227,Montréal,2458227|Total Immigrant Status,247805.0,107900.0,147040.0,132000.0,100760.0,72700.0,19098.3,20592.0,15121.6
Les Cèdres (2471050) MÉ 00000,Non-immigrants,15.1,14.6,19.8,5.2,2471050,Montréal,2471050|Non-immigrants,6485.0,124700.0,5915.0,129800.0,570.0,70400.0,18829.7,18950.8,13939.2
"Montréal (CMA), Que. 20000",Total Immigrant Status,18.3,16.3,21.5,5.2,,Montréal,"Montréal , Que. 20000|Total Immigrant Status",4133840.0,122900.0,2566025.0,150800.0,1567815.0,77300.0,22490.7,24580.4,16619.5
Montréal-Ouest (2466047) V 00000,Total Immigrant Status,17.6,16.5,21.7,5.2,2466047,Montréal,2466047|Total Immigrant Status,4980.0,225000.0,3940.0,259600.0,1035.0,92600.0,39600.00000000001,42834.0,20094.2
Saint-Lazare (2471105) V 00000,Total Immigrant Status,16.4,16.1,21.3,5.2,2471105,Montréal,2471105|Total Immigrant Status,22245.0,158000.0,21095.0,161800.0,1145.0,88200.0,25912.0,26049.8,18786.6
Bois-des-Filion (2473030) V 00000,Total Immigrant Status,17.7,16.7,21.9,5.2,2473030,Montréal,2473030|Total Immigrant Status,9935.0,114100.0,8060.0,123200.0,1875.0,75200.0,20195.7,20574.4,16468.8
Leduc County (4811012) MD 00000,Non-immigrants,18.6,18.1,23.3,5.2,4811012,Edmonton,4811012|Non-immigrants,11130.0,156200.0,9950.0,163400.0,1185.0,96200.0,29053.2,29575.4,22414.6
Coquitlam (5915034) CY 00000,Immigrant,25.0,23.6,28.8,5.2,5915034,Vancouver,5915034|Immigrant,84370.0,130200.0,62295.0,143400.0,22070.0,93100.0,32550.0,33842.4,26812.8
Dorval (2466087) V 00000,Immigrant,19.2,17.2,22.3,5.1,2466087,Montréal,2466087|Immigrant,6610.0,117700.0,4025.0,146000.0,2580.0,73500.0,22598.4,25112.0,16390.5
Saint-Lazare (2471105) V 00000,Non-immigrants,15.8,15.5,20.6,5.1,2471105,Montréal,2471105|Non-immigrants,18420.0,162200.0,17530.0,166200.0,890.0,83600.0,25627.6,25761.0,17221.600000000002
St. Albert (4811062) CY 00000,Immigrant,19.5,18.5,23.6,5.1,4811062,Edmonton,4811062|Immigrant,10805.0,148000.0,8520.0,158000.0,2280.0,110300.0,28860.0,29230.0,26030.8
Coteau-du-Lac (2471040) V 00000,Total Immigrant Status,14.5,13.6,18.7,5.1,2471040,Montréal,2471040|Total Immigrant Status,7125.0,134800.0,5810.0,148600.0,1315.0,73500.0,19546.0,20209.6,13744.5
Richmond (5915015) CY 00000,Immigrant,24.6,23.3,28.4,5.1,5915015,Vancouver,5915015|Immigrant,150450.0,125000.0,113535.0,133600.0,36915.0,98500.0,30750.0,31128.8,27974.0
Port Coquitlam (5915039) CY 00000,Immigrant,21.8,20.8,25.9,5.1,5915039,Vancouver,5915039|Immigrant,26930.0,134200.0,21745.0,142800.0,5185.0,98200.0,29255.6,29702.4,25433.8
Senneville (2466127) VL 00000,Immigrant,14.3,13.0,18.0,5.0,2466127,Montréal,2466127|Immigrant,260.0,316000.0,195.0,380000.0,70.0,132000.0,45188.0,49400.0,23760.0
Pointe-Calumet (2472020) MÉ 00000,Non-immigrants,16.4,15.3,20.3,5.0,2472020,Montréal,2472020|Non-immigrants,5925.0,103700.0,4710.0,111100.0,1220.0,75000.0,17006.8,16998.3,15225.0
Whitchurch-Stouffville (3519044) T 00000,Total Immigrant Status,22.4,21.9,26.9,5.0,3519044,Toronto,3519044|Total Immigrant Status,48135.0,169400.0,43550.0,175400.0,4590.0,111600.0,37945.6,38412.6,30020.4
Mono (3522012) T 00000,Total Immigrant Status,18.3,18.1,23.1,5.0,3522012,Toronto,3522012|Total Immigrant Status,9055.0,200200.0,8720.0,202800.0,335.0,131000.0,36636.6,36706.8,30261.0
Langley (5915002) CY 00000,Total Immigrant Status,22.4,20.7,25.7,5.0,5915002,Vancouver,5915002|Total Immigrant Status,27635.0,110900.0,18465.0,125600.0,9175.0,81500.0,24841.6,25999.2,20945.5
Saint-Mathias-sur-Richelieu (2455065) MÉ 00000,Immigrant,15.6,14.6,19.5,4.9,2455065,Montréal,2455065|Immigrant,170.0,119000.0,135.0,130000.0,30.0,72000.0,18564.0,18980.0,14040.0
Vancouver (5915022) CY 00000,Immigrant,23.4,21.3,26.2,4.9,5915022,Vancouver,5915022|Immigrant,348835.0,140600.0,199020.0,164600.0,149815.0,108500.0,32900.4,35059.8,28427.0
Saint-Isidore (2467040) PE 00000,Non-immigrants,14.7,13.8,18.6,4.8,2467040,Montréal,2467040|Non-immigrants,2415.0,119200.0,1920.0,129400.0,490.0,79600.0,17522.4,17857.2,14805.6
Rosemère (2473020) V 00000,Immigrant,17.7,17.3,22.1,4.8,2473020,Montréal,2473020|Immigrant,2625.0,144200.0,2410.0,147400.0,220.0,111000.0,25523.4,25500.2,24531.0
Aurora (3519046) T 00000,Immigrant,27.5,26.7,31.5,4.8,3519046,Toronto,3519046|Immigrant,29650.0,154000.0,24925.0,162800.0,4725.0,107800.0,42350.0,43467.6,33957.0
Port Moody (5915043) CY 00000,Total Immigrant Status,20.4,19.3,24.1,4.8,5915043,Vancouver,5915043|Total Immigrant Status,32665.0,167600.0,25190.0,179600.0,7475.0,127500.0,34190.399999999994,34662.8,30727.5
Saint-Mathias-sur-Richelieu (2455065) MÉ 00000,Total Immigrant Status,15.9,15.1,19.9,4.8,2455065,Montréal,2455065|Total Immigrant Status,4450.0,118800.0,3740.0,127200.0,710.0,75000.0,18889.2,19207.2,14925.0
L'Assomption (2460028) V 00000,Non-immigrants,16.6,15.6,20.3,4.7,2460028,Montréal,2460028|Non-immigrants,20945.0,119100.0,16575.0,132000.0,4370.0,70000.0,19770.600000000002,20592.0,14210.0
Saint-Mathias-sur-Richelieu (2455065) MÉ 00000,Non-immigrants,15.9,15.2,19.9,4.7,2455065,Montréal,2455065|Non-immigrants,4280.0,118800.0,3605.0,127000.0,680.0,75200.0,18889.2,19304.0,14964.8
Mascouche (2464015) V 00000,Non-immigrants,16.2,15.3,20.0,4.7,2464015,Montréal,2464015|Non-immigrants,44085.0,126100.0,35460.0,137200.0,8625.0,80600.0,20428.2,20991.6,16120.0
Baie-D'Urfé (2466112) V 00000,Immigrant,16.4,16.1,20.8,4.7,2466112,Montréal,2466112|Immigrant,1350.0,181600.0,1270.0,180400.0,80.0,200000.0,29782.399999999994,29044.400000000005,41600.0
Pointe-Calumet (2472020) MÉ 00000,Total Immigrant Status,16.5,15.5,20.2,4.7,2472020,Montréal,2472020|Total Immigrant Status,6260.0,103800.0,5015.0,110600.0,1245.0,76400.0,17127.0,17143.0,15432.8
Langley (5915001) DM 00000,Immigrant,23.5,22.8,27.5,4.7,5915001,Vancouver,5915001|Immigrant,38820.0,145000.0,32935.0,149400.0,5880.0,120400.0,34075.0,34063.2,33110.0
New Westminster (5915029) CY 00000,Total Immigrant Status,23.0,21.2,25.9,4.7,5915029,Vancouver,5915029|Total Immigrant Status,76145.0,126300.0,46495.0,150200.0,29655.0,88800.0,29049.0,31842.4,22999.2
Beaumont (4811013) CY 00000,Immigrant,22.2,21.8,26.4,4.6,4811013,Edmonton,4811013|Immigrant,4420.0,155600.0,3995.0,161200.0,425.0,104800.0,34543.2,35141.6,27667.2
Chambly (2457005) V 00000,Total Immigrant Status,15.8,15.0,19.5,4.5,2457005,Montréal,2457005|Total Immigrant Status,30710.0,137400.0,25010.0,151000.0,5700.0,77700.0,21709.2,22650.0,15151.5
L'Assomption (2460028) V 00000,Total Immigrant Status,16.7,15.8,20.3,4.5,2460028,Montréal,2460028|Total Immigrant Status,22830.0,119800.0,18300.0,132000.0,4530.0,70400.0,20006.6,20856.0,14291.2
Saint-Lazare (2471105) V 00000,Immigrant,19.5,19.2,23.7,4.5,2471105,Montréal,2471105|Immigrant,3825.0,137600.0,3565.0,140000.0,255.0,104000.0,26832.0,26880.0,24648.0
Ajax (3518005) T 00000,Total Immigrant Status,22.3,21.7,26.2,4.5,3518005,Toronto,3518005|Total Immigrant Status,124910.0,153400.0,108220.0,160400.0,16695.0,107900.0,34208.2,34806.8,28269.8
McMasterville (2457025) MÉ 00000,Non-immigrants,16.5,15.2,19.6,4.4,2457025,Montréal,2457025|Non-immigrants,5335.0,111900.0,3790.0,125100.0,1545.0,79500.0,18463.5,19015.2,15582.0
Pointe-des-Cascades (2471055) VL 00000,Non-immigrants,19.0,17.9,22.3,4.4,2471055,Montréal,2471055|Non-immigrants,1460.0,109900.0,1120.0,120800.0,340.0,73600.0,20881.0,21623.2,16412.8
Parkland County (4811034) MD 00000,Immigrant,18.6,18.4,22.8,4.4,4811034,Edmonton,4811034|Immigrant,2960.0,162000.0,2820.0,163600.0,145.0,132000.0,30132.0,30102.4,30096.0
Bowen Island (5915062) IM 00000,Total Immigrant Status,20.5,20.0,24.4,4.4,5915062,Vancouver,5915062|Total Immigrant Status,4030.0,188400.0,3530.0,201600.0,505.0,96000.0,38622.0,40320.0,23424.0
Beloeil (2457040) V 00000,Immigrant,18.6,17.9,22.2,4.3,2457040,Montréal,2457040|Immigrant,1820.0,125600.0,1510.0,133400.0,310.0,88000.0,23361.6,23878.6,19536.0
L'Épiphanie (2460037) V 00000,Non-immigrants,15.9,14.7,19.0,4.3,2460037,Montréal,2460037|Non-immigrants,8310.0,110200.0,5985.0,125900.0,2330.0,69700.0,17521.8,18507.3,13243.0
Leduc County (4811012) MD 00000,Total Immigrant Status,19.0,18.6,22.9,4.3,4811012,Edmonton,4811012|Total Immigrant Status,12525.0,155400.0,11210.0,162800.0,1320.0,92600.0,29526.0,30280.8,21205.4
Carignan (2457010) V 00000,Total Immigrant Status,15.9,15.6,19.8,4.2,2457010,Montréal,2457010|Total Immigrant Status,11640.0,168200.0,10840.0,173200.0,800.0,99000.0,26743.8,27019.2,19602.0
McMasterville (2457025) MÉ 00000,Total Immigrant Status,16.6,15.4,19.6,4.2,2457025,Montréal,2457025|Total Immigrant Status,5585.0,111700.0,4015.0,124500.0,1570.0,79200.0,18542.2,19173.0,15523.2
Saint-Sulpice (2460020) PE 00000,Non-immigrants,15.9,15.2,19.4,4.2,2460020,Montréal,2460020|Non-immigrants,3160.0,109600.0,2615.0,117600.0,545.0,71200.0,17426.4,17875.2,13812.8
Mascouche (2464015) V 00000,Total Immigrant Status,16.6,15.8,20.0,4.2,2464015,Montréal,2464015|Total Immigrant Status,49770.0,125300.0,40390.0,135600.0,9375.0,81300.0,20799.800000000003,21424.8,16260.0
Lorraine (2473025) V 00000,Non-immigrants,13.8,13.8,18.0,4.2,2473025,Montréal,2473025|Non-immigrants,7875.0,192600.0,7735.0,194600.0,140.0,88000.0,26578.8,26854.8,15840.0
Legal (4811069) T 00000,Non-immigrants,19.2,18.5,22.7,4.2,4811069,Edmonton,4811069|Non-immigrants,1060.0,119200.0,875.0,127000.0,185.0,82000.0,22886.4,23495.0,18614.0
Brossard (2458007) V 00000,Immigrant,19.5,18.5,22.6,4.1,2458007,Montréal,2458007|Immigrant,50925.0,123000.0,38455.0,134400.0,12470.0,87700.0,23985.0,24864.0,19820.2
Beauharnois (2470022) V 00000,Non-immigrants,17.0,15.7,19.8,4.1,2470022,Montréal,2470022|Non-immigrants,12700.0,97200.0,8745.0,111900.0,3955.0,64600.0,16524.0,17568.3,12790.8
Terrasse-Vaudreuil (2471075) MÉ 00000,Non-immigrants,16.1,15.0,19.1,4.1,2471075,Montréal,2471075|Non-immigrants,1465.0,113400.0,1095.0,127000.0,370.0,72800.0,18257.4,19050.0,13904.8
Warburg (4811024) VL 00010,Total Immigrant Status,20.4,19.2,23.3,4.1,4811024,Edmonton,4811024|Total Immigrant Status,645.0,86200.0,455.0,90800.0,190.0,75500.0,17584.8,17433.6,17591.5
L'Épiphanie (2460037) V 00000,Total Immigrant Status,15.9,14.8,18.9,4.1,2460037,Montréal,2460037|Total Immigrant Status,8670.0,111000.0,6285.0,126400.0,2380.0,70100.0,17649.0,18707.2,13248.9
Saint-Joseph-du-Lac (2472025) MÉ 00000,Non-immigrants,15.5,14.8,18.9,4.1,2472025,Montréal,2472025|Non-immigrants,6475.0,126700.0,5385.0,137000.0,1095.0,76000.0,19638.5,20276.0,14364.0
Legal (4811069) T 00000,Total Immigrant Status,19.0,18.3,22.4,4.1,4811069,Edmonton,4811069|Total Immigrant Status,1105.0,119400.0,920.0,127200.0,190.0,81000.0,22686.0,23277.6,18144.0
Côte-Saint-Luc (2466058) V 00000,Immigrant,23.5,21.4,25.4,4.0,2466058,Montréal,2466058|Immigrant,19440.0,116300.0,8990.0,163600.0,10450.0,75600.0,27330.5,35010.4,19202.4
Saint-Joseph-du-Lac (2472025) MÉ 00000,Total Immigrant Status,15.4,14.7,18.7,4.0,2472025,Montréal,2472025|Total Immigrant Status,6790.0,129400.0,5680.0,139600.0,1110.0,77000.0,19927.6,20521.2,14399.0
Uxbridge (3518029) TP 00000,Immigrant,21.7,21.4,25.4,4.0,3518029,Toronto,3518029|Immigrant,3490.0,153400.0,3200.0,160000.0,290.0,80000.0,33287.8,34240.0,20320.0
Bruderheim (4810066) T 00000,Non-immigrants,17.1,16.4,20.3,3.9,4810066,Edmonton,4810066|Non-immigrants,1300.0,126400.0,1075.0,130000.0,220.0,108000.0,21614.4,21320.0,21924.0
Carignan (2457010) V 00000,Non-immigrants,15.4,15.1,19.0,3.9,2457010,Montréal,2457010|Non-immigrants,10010.0,170000.0,9265.0,176600.0,740.0,89000.0,26180.0,26666.6,16910.0
Saint-Roch-de-l'Achigan (2463035) MÉ 00000,Total Immigrant Status,15.3,14.3,18.2,3.9,2463035,Montréal,2463035|Total Immigrant Status,5305.0,111300.0,3825.0,125000.0,1480.0,75800.0,17028.9,17875.0,13795.6
Saint-Roch-de-l'Achigan (2463035) MÉ 00000,Non-immigrants,15.4,14.3,18.2,3.9,2463035,Montréal,2463035|Non-immigrants,5235.0,110200.0,3770.0,123700.0,1465.0,75300.0,16970.8,17689.1,13704.6
Beauharnois (2470022) V 00000,Total Immigrant Status,17.2,16.0,19.9,3.9,2470022,Montréal,2470022|Total Immigrant Status,13370.0,98000.0,9290.0,112600.0,4080.0,64700.0,16856.0,18016.0,12875.3
Sainte-Marthe-sur-le-Lac (2472015) V 00000,Total Immigrant Status,16.4,16.1,20.0,3.9,2472015,Montréal,2472015|Total Immigrant Status,19740.0,126300.0,18145.0,130200.0,1595.0,81700.0,20713.199999999997,20962.2,16340.0
Burnaby (5915025) CY 00000,Immigrant,23.3,22.0,25.9,3.9,5915025,Vancouver,5915025|Immigrant,157885.0,128200.0,104225.0,142400.0,53670.0,100600.0,29870.6,31328.0,26055.4
L'Assomption (2460028) V 00000,Immigrant,18.5,18.2,22.0,3.8,2460028,Montréal,2460028|Immigrant,1880.0,127300.0,1725.0,131400.0,160.0,82000.0,23550.5,23914.8,18040.0
Notre-Dame-de-l'Île-Perrot (2471065) V 00000,Total Immigrant Status,15.4,15.3,19.1,3.8,2471065,Montréal,2471065|Total Immigrant Status,11345.0,156600.0,11015.0,158600.0,325.0,91600.0,24116.4,24265.8,17495.600000000002
Sainte-Marthe-sur-le-Lac (2472015) V 00000,Non-immigrants,15.6,15.3,19.1,3.8,2472015,Montréal,2472015|Non-immigrants,16020.0,125700.0,14620.0,129800.0,1405.0,81700.0,19609.2,19859.4,15604.7
Bruderheim (4810066) T 00000,Total Immigrant Status,17.1,16.5,20.3,3.8,4810066,Edmonton,4810066|Total Immigrant Status,1310.0,125600.0,1090.0,129200.0,220.0,108000.0,21477.6,21318.0,21924.0
Georgina (3519070) T 00000,Immigrant,25.5,25.1,28.9,3.8,3519070,Toronto,3519070|Immigrant,9345.0,132000.0,8290.0,138800.0,1055.0,79000.0,33660.0,34838.8,22831.0
Orangeville (3522014) T 00000,Immigrant,24.0,23.4,27.1,3.7,3522014,Toronto,3522014|Immigrant,5885.0,124900.0,4900.0,132800.0,985.0,85600.0,29976.0,31075.2,23197.6
Saint-Sulpice (2460020) PE 00000,Total Immigrant Status,15.9,15.2,18.9,3.7,2460020,Montréal,2460020|Total Immigrant Status,3325.0,110600.0,2705.0,118900.0,620.0,74000.0,17585.4,18072.8,13986.0
Toronto (3520005) C 00000,Immigrant,23.8,22.1,25.8,3.7,3520005,Toronto,3520005|Immigrant,1713440.0,127400.0,941065.0,155000.0,772380.0,93900.0,30321.2,34255.0,24226.2
Thorsby (4811021) T 00010,Total Immigrant Status,19.1,18.5,22.2,3.7,4811021,Edmonton,4811021|Total Immigrant Status,945.0,117800.0,785.0,125600.0,160.0,80000.0,22499.8,23236.0,17760.0
Hampstead (2466062) V 00000,Immigrant,19.6,18.4,22.0,3.6,2466062,Montréal,2466062|Immigrant,2880.0,302800.0,1920.0,327600.0,965.0,254400.0,59348.8,60278.4,55968.0
King (3519049) TP 00000,Non-immigrants,18.9,18.5,22.1,3.6,3519049,Toronto,3519049|Non-immigrants,16815.0,241800.0,15125.0,254200.0,1690.0,131000.0,45700.2,47027.0,28951.0
Pointe-des-Cascades (2471055) VL 00000,Total Immigrant Status,19.5,18.8,22.3,3.5,2471055,Montréal,2471055|Total Immigrant Status,1755.0,114100.0,1405.0,124500.0,355.0,72800.0,22249.5,23406.0,16234.4
"Toronto (CMA), Ont. 00000",Immigrant,24.2,23.2,26.7,3.5,,Toronto,"Toronto , Ont. 00000|Immigrant",3895390.0,139800.0,2727130.0,157800.0,1168255.0,97900.0,33831.6,36609.6,26139.3
Saint-Isidore (2467040) PE 00000,Total Immigrant Status,14.6,13.9,17.4,3.5,2467040,Montréal,2467040|Total Immigrant Status,2580.0,120900.0,2055.0,129600.0,525.0,86400.0,17651.4,18014.4,15033.599999999999
Montréal-Ouest (2466047) V 00000,Immigrant,19.3,18.4,21.8,3.4,2466047,Montréal,2466047|Immigrant,1810.0,171800.0,1340.0,198000.0,470.0,96800.0,33157.4,36431.99999999999,21102.4
Beauharnois (2470022) V 00000,Immigrant,20.6,20.0,23.4,3.4,2470022,Montréal,2470022|Immigrant,665.0,114200.0,545.0,124400.0,120.0,69000.0,23525.2,24880.0,16146.0
Les Coteaux (2471033) MÉ 00000,Total Immigrant Status,15.8,14.8,18.2,3.4,2471033,Montréal,2471033|Total Immigrant Status,5565.0,108300.0,4035.0,120900.0,1530.0,75500.0,17111.4,17893.2,13741.0
Les Coteaux (2471033) MÉ 00000,Non-immigrants,15.7,14.8,18.2,3.4,2471033,Montréal,2471033|Non-immigrants,5345.0,108300.0,3855.0,120800.0,1485.0,75900.0,17003.1,17878.4,13813.8
Terrasse-Vaudreuil (2471075) MÉ 00000,Total Immigrant Status,16.8,16.0,19.4,3.4,2471075,Montréal,2471075|Total Immigrant Status,1880.0,113900.0,1455.0,125700.0,425.0,73200.0,19135.2,20112.0,14200.8
Whitchurch-Stouffville (3519044) T 00000,Immigrant,25.5,25.3,28.7,3.4,3519044,Toronto,3519044|Immigrant,23460.0,155400.0,21815.0,159800.0,1640.0,97500.0,39627.0,40429.4,27982.5
East Gwillimbury (3519054) T 00000,Immigrant,28.1,27.6,31.0,3.4,3519054,Toronto,3519054|Immigrant,13475.0,141800.0,11640.0,145600.0,1835.0,118300.0,39845.8,40185.6,36673.0
Caledon (3521024) T 00000,Immigrant,23.8,23.6,27.0,3.4,3521024,Toronto,3521024|Immigrant,32360.0,164200.0,29715.0,167400.0,2645.0,129000.0,39079.6,39506.4,34830.0
Châteauguay (2467050) V 00000,Immigrant,19.8,19.4,22.7,3.3,2467050,Montréal,2467050|Immigrant,15165.0,112500.0,13420.0,117600.0,1750.0,72700.0,22275.0,22814.4,16502.9
Pickering (3518001) CY 00000,Immigrant,23.7,23.3,26.6,3.3,3518001,Toronto,3518001|Immigrant,50715.0,154000.0,44920.0,160000.0,5800.0,107600.0,36498.0,37280.0,28621.6
Thorsby (4811021) T 00010,Non-immigrants,19.5,18.9,22.2,3.3,4811021,Edmonton,4811021|Non-immigrants,885.0,118000.0,740.0,125000.0,145.0,82000.0,23010.0,23625.0,18204.0
Maple Ridge (5915075) CY 00000,Immigrant,23.4,23.0,26.3,3.3,5915075,Vancouver,5915075|Immigrant,25975.0,142000.0,22865.0,147600.0,3110.0,100700.0,33228.0,33948.0,26484.1
Canada 20000,Immigrant,22.1,21.1,24.4,3.3,,Canada,Canada 20000|Immigrant,11324455.0,129800.0,7674270.0,148000.0,3650190.0,91700.0,28685.8,31228.0,22374.8
Saint-Colomban (2475005) V 00000,Total Immigrant Status,16.0,15.6,18.8,3.2,2475005,Montréal,2475005|Total Immigrant Status,17615.0,124000.0,15795.0,129000.0,1820.0,80900.0,19840.0,20124.0,15209.2
Saint-Colomban (2475005) V 00000,Non-immigrants,15.9,15.6,18.8,3.2,2475005,Montréal,2475005|Non-immigrants,16925.0,124200.0,15155.0,129000.0,1765.0,81800.0,19747.8,20124.0,15378.4
Verchères (2459025) MÉ 00000,Non-immigrants,14.8,14.2,17.4,3.2,2459025,Montréal,2459025|Non-immigrants,5475.0,125800.0,4565.0,136600.0,910.0,71600.0,18618.4,19397.2,12458.4
Montréal (2466023) V 00000,Total Immigrant Status,20.1,18.2,21.4,3.2,2466023,Montréal,2466023|Total Immigrant Status,1676690.0,109500.0,704975.0,154000.0,971710.0,77200.0,22009.5,28028.0,16520.8
Notre-Dame-de-l'Île-Perrot (2471065) V 00000,Non-immigrants,14.3,14.2,17.4,3.2,2471065,Montréal,2471065|Non-immigrants,8795.0,163000.0,8535.0,165000.0,260.0,96000.0,23309.0,23430.0,16703.999999999996
New Tecumseth (3543007) T 00000,Immigrant,24.4,24.1,27.3,3.2,3543007,Toronto,3543007|Immigrant,12110.0,128000.0,11025.0,130800.0,1090.0,99400.0,31232.0,31522.8,27136.2
"Edmonton (CMA), Alta. 00000",Immigrant,21.5,20.5,23.7,3.2,,Edmonton,"Edmonton , Alta. 00000|Immigrant",489760.0,130400.0,349790.0,146800.0,139970.0,89200.0,28036.0,30094.0,21140.4
Mont-Royal (2466072) V 00000,Immigrant,20.8,19.5,22.6,3.1,2466072,Montréal,2466072|Immigrant,9970.0,181400.0,5910.0,234000.0,4060.0,104700.0,37731.2,45630.0,23662.2
Edmonton (4811061) CY 00000,Immigrant,21.6,20.7,23.8,3.1,4811061,Edmonton,4811061|Immigrant,439540.0,128200.0,308550.0,145200.0,130995.0,88300.0,27691.2,30056.4,21015.4
"Vancouver (CMA), B.C. 20000",Immigrant,23.8,22.8,25.9,3.1,,Vancouver,"Vancouver , B.C. 20000|Immigrant",1415995.0,139000.0,975690.0,154400.0,440305.0,105200.0,33082.0,35203.2,27246.8
Saint-Bruno-de-Montarville (2458037) V 00000,Immigrant,15.9,15.6,18.6,3.0,2458037,Montréal,2458037|Immigrant,3595.0,154400.0,3245.0,162200.0,355.0,84000.0,24549.6,25303.2,15624.000000000002
Mont-Saint-Hilaire (2457035) V 00000,Immigrant,18.2,17.7,20.6,2.9,2457035,Montréal,2457035|Immigrant,1265.0,130800.0,1055.0,139600.0,215.0,88000.0,23805.6,24709.2,18128.000000000004
Verchères (2459025) MÉ 00000,Total Immigrant Status,14.8,14.3,17.2,2.9,2459025,Montréal,2459025|Total Immigrant Status,5655.0,126200.0,4730.0,136600.0,925.0,72800.0,18677.6,19533.8,12521.6
Montréal-Est (2466007) V 00000,Non-immigrants,18.0,16.4,19.1,2.7,2466007,Montréal,2466007|Non-immigrants,3470.0,94600.0,1425.0,120500.0,2050.0,76700.0,17028.0,19761.999999999996,14649.7
Newmarket (3519048) T 00000,Immigrant,27.2,26.8,29.5,2.7,3519048,Toronto,3519048|Immigrant,38085.0,138400.0,31775.0,145800.0,6310.0,100900.0,37644.8,39074.4,29765.5
Port Moody (5915043) CY 00000,Immigrant,23.3,22.6,25.3,2.7,5915043,Vancouver,5915043|Immigrant,13355.0,146400.0,10100.0,158600.0,3250.0,108100.0,34111.2,35843.6,27349.3
Lorraine (2473025) V 00000,Total Immigrant Status,14.6,14.5,17.1,2.6,2473025,Montréal,2473025|Total Immigrant Status,9425.0,188400.0,9250.0,189600.0,180.0,129000.0,27506.4,27492.0,22059.0
Langley (5915002) CY 00000,Immigrant,23.9,22.9,25.5,2.6,5915002,Vancouver,5915002|Immigrant,8200.0,105500.0,5215.0,115300.0,2980.0,88400.0,25214.5,26403.7,22542.0
Bradford West Gwillimbury (3543014) T 00000,Total Immigrant Status,23.0,22.6,25.2,2.6,3543014,Toronto,3543014|Total Immigrant Status,41580.0,144600.0,35905.0,150800.0,5680.0,105100.0,33258.0,34080.8,26485.2
Saint-Amable (2459015) V 00000,Non-immigrants,17.1,16.7,19.2,2.5,2459015,Montréal,2459015|Non-immigrants,12080.0,114900.0,10020.0,122800.0,2060.0,76500.0,19647.9,20507.6,14688.0
Mirabel (2474005) V 00000,Immigrant,20.7,20.1,22.6,2.5,2474005,Montréal,2474005|Immigrant,4610.0,111200.0,3605.0,119100.0,1005.0,83200.0,23018.4,23939.1,18803.2
Coteau-du-Lac (2471040) V 00000,Immigrant,17.0,16.4,18.8,2.4,2471040,Montréal,2471040|Immigrant,330.0,140500.0,255.0,160000.0,75.0,74000.0,23885.0,26240.0,13912.0
Ajax (3518005) T 00000,Immigrant,24.1,23.9,26.3,2.4,3518005,Toronto,3518005|Immigrant,78520.0,151200.0,69725.0,156400.0,8800.0,109300.0,36439.2,37379.6,28745.9
New Westminster (5915029) CY 00000,Immigrant,24.2,23.2,25.6,2.4,5915029,Vancouver,5915029|Immigrant,37960.0,123100.0,23020.0,144000.0,14940.0,90900.0,29790.2,33408.0,23270.4
Saint-Lin--Laurentides (2463048) V 00000,Non-immigrants,16.7,16.1,18.5,2.4,2463048,Montréal,2463048|Non-immigrants,22370.0,100900.0,16745.0,109600.0,5625.0,75100.0,16850.3,17645.600000000002,13893.5
Saint-Colomban (2475005) V 00000,Immigrant,17.8,17.6,20.0,2.4,2475005,Montréal,2475005|Immigrant,690.0,120200.0,640.0,126000.0,55.0,50000.0,21395.6,22176.0,10000.0
Saint-Philippe (2467010) V 00000,Immigrant,19.0,18.7,21.0,2.3,2467010,Montréal,2467010|Immigrant,865.0,130000.0,780.0,136800.0,80.0,67000.0,24700.0,25581.6,14070.0
Metro Vancouver A (5915020) RDA 00000,Immigrant,31.8,30.6,32.9,2.3,5915020,Vancouver,5915020|Immigrant,9410.0,142000.0,4550.0,168400.0,4860.0,117500.0,45156.0,51530.4,38657.5
Bois-des-Filion (2473030) V 00000,Immigrant,19.7,19.4,21.6,2.2,2473030,Montréal,2473030|Immigrant,2065.0,114000.0,1840.0,117700.0,225.0,83000.0,22458.0,22833.8,17928.000000000004
Saint-Lin--Laurentides (2463048) V 00000,Total Immigrant Status,17.0,16.5,18.7,2.2,2463048,Montréal,2463048|Total Immigrant Status,23645.0,100400.0,17840.0,108900.0,5810.0,74400.0,17068.0,17968.5,13912.8
Terrasse-Vaudreuil (2471075) MÉ 00000,Immigrant,19.3,19.0,21.2,2.2,2471075,Montréal,2471075|Immigrant,415.0,115600.0,360.0,122000.0,50.0,74000.0,22310.8,23180.0,15688.0
Saint-Amable (2459015) V 00000,Total Immigrant Status,17.4,17.0,19.1,2.1,2459015,Montréal,2459015|Total Immigrant Status,13235.0,114300.0,11065.0,121600.0,2165.0,76900.0,19888.199999999997,20672.0,14687.9
Brampton (3521010) CY 00000,Total Immigrant Status,24.4,24.0,26.1,2.1,3521010,Toronto,3521010|Total Immigrant Status,641015.0,144200.0,523560.0,153200.0,117460.0,104400.0,35184.8,36768.0,27248.4
Anmore (5915038) VL 00000,Non-immigrants,19.6,19.5,21.6,2.1,5915038,Vancouver,5915038|Non-immigrants,1485.0,255600.0,1395.0,266400.0,85.0,82000.0,50097.6,51948.0,17712.000000000004
Montréal-Est (2466007) V 00000,Total Immigrant Status,18.5,17.3,19.3,2.0,2466007,Montréal,2466007|Total Immigrant Status,4205.0,93400.0,1685.0,118600.0,2520.0,76700.0,17279.0,20517.8,14803.1
Les Cèdres (2471050) MÉ 00000,Total Immigrant Status,15.2,15.1,17.0,1.9,2471050,Montréal,2471050|Total Immigrant Status,7100.0,126800.0,6435.0,128400.0,665.0,111000.0,19273.6,19388.4,18870.0
Laval (2465005) V 00000,Immigrant,19.0,18.5,20.4,1.9,2465005,Montréal,2465005|Immigrant,194685.0,116200.0,142305.0,129400.0,52385.0,80200.0,22078.0,23939.0,16360.8
Vaudreuil-Dorion (2471083) V 00000,Immigrant,20.8,20.5,22.4,1.9,2471083,Montréal,2471083|Immigrant,13995.0,120800.0,12165.0,125400.0,1825.0,90300.0,25126.4,25707.0,20227.199999999997
Delta (5915011) CY 00000,Immigrant,21.4,21.0,22.9,1.9,5915011,Vancouver,5915011|Immigrant,50505.0,147200.0,39870.0,156800.0,10635.0,111100.0,31500.8,32928.0,25441.9
"Montréal (CMA), Que. 20000",Immigrant,20.1,19.3,21.1,1.8,,Montréal,"Montréal , Que. 20000|Immigrant",1489795.0,111700.0,796590.0,139400.0,693205.0,79900.0,22451.7,26904.2,16858.9
Repentigny (2460013) V 00000,Immigrant,19.4,19.2,21.0,1.8,2460013,Montréal,2460013|Immigrant,17035.0,129600.0,15370.0,133600.0,1665.0,92000.0,25142.4,25651.2,19320.0
Saint-Lin--Laurentides (2463048) V 00000,Immigrant,21.9,21.7,23.5,1.8,2463048,Montréal,2463048|Immigrant,1280.0,92200.0,1095.0,98400.0,185.0,55200.0,20191.8,21352.8,12972.0
Spring Lake (4811046) VL 00000,Total Immigrant Status,17.2,17.0,18.8,1.8,4811046,Edmonton,4811046|Total Immigrant Status,710.0,153200.0,640.0,160000.0,70.0,92000.0,26350.4,27200.0,17296.0
Longueuil (2458227) V 00000,Immigrant,18.9,18.1,19.9,1.8,2458227,Montréal,2458227|Immigrant,76070.0,106400.0,43970.0,126600.0,32100.0,78700.0,20109.6,22914.6,15661.3
Spring Lake (4811046) VL 00000,Non-immigrants,17.3,17.1,18.8,1.7,4811046,Edmonton,4811046|Non-immigrants,650.0,156000.0,580.0,164000.0,70.0,92000.0,26988.0,28044.000000000004,17296.0
Surrey (5915004) CY 00000,Total Immigrant Status,22.1,21.6,23.3,1.7,5915004,Vancouver,5915004|Total Immigrant Status,549780.0,143200.0,403320.0,157800.0,146460.0,102900.0,31647.2,34084.8,23975.7
Mascouche (2464015) V 00000,Immigrant,19.8,19.6,21.1,1.5,2464015,Montréal,2464015|Immigrant,5675.0,119200.0,4930.0,123800.0,750.0,89400.0,23601.6,24264.8,18863.4
Sainte-Thérèse (2473010) V 00000,Immigrant,19.8,19.2,20.7,1.5,2473010,Montréal,2473010|Immigrant,2630.0,94700.0,1580.0,110900.0,1045.0,70200.0,18750.6,21292.8,14531.4
Saint-Constant (2467035) V 00000,Immigrant,19.5,19.4,20.8,1.4,2467035,Montréal,2467035|Immigrant,6060.0,125800.0,5570.0,129000.0,490.0,89200.0,24531.0,25026.0,18553.6
King (3519049) TP 00000,Total Immigrant Status,21.6,21.5,22.7,1.2,3519049,Toronto,3519049|Total Immigrant Status,25875.0,224000.0,23485.0,234600.0,2390.0,119300.0,48384.0,50439.0,27081.1
Saint-Jean-sur-Richelieu (2456083) V 00000,Immigrant,18.4,18.1,19.0,0.9,2456083,Montréal,2456083|Immigrant,5445.0,112600.0,3705.0,127600.0,1740.0,80800.0,20718.399999999998,23095.6,15352.0
Montréal (2466023) V 00000,Immigrant,20.7,20.2,21.0,0.8,2466023,Montréal,2466023|Immigrant,855340.0,101600.0,320985.0,140600.0,534355.0,78000.0,21031.2,28401.2,16380.0
Les Coteaux (2471033) MÉ 00000,Immigrant,16.3,16.2,17.0,0.8,2471033,Montréal,2471033|Immigrant,220.0,109000.0,175.0,121000.0,45.0,62000.0,17767.0,19602.0,10540.0
Sturgeon County (4811059) MD 00000,Immigrant,17.5,17.4,18.2,0.8,4811059,Edmonton,4811059|Immigrant,1730.0,184000.0,1615.0,189800.0,115.0,104000.0,32200.0,33025.2,18928.0
Brampton (3521010) CY 00000,Immigrant,25.2,25.1,25.9,0.8,3521010,Toronto,3521010|Immigrant,523730.0,144000.0,432890.0,151600.0,90835.0,107400.0,36288.0,38051.6,27816.6
Stony Plain (4811048) T 00000,Immigrant,19.8,19.6,20.4,0.8,4811048,Edmonton,4811048|Immigrant,1530.0,128800.0,1115.0,128400.0,415.0,129500.0,25502.4,25166.4,26418.0
Boucherville (2458033) V 00000,Immigrant,17.3,17.2,17.8,0.6,2458033,Montréal,2458033|Immigrant,5120.0,158600.0,4505.0,167800.0,610.0,91200.0,27437.8,28861.6,16233.6
Sturgeon County (4811059) MD 00000,Non-immigrants,17.0,16.9,17.3,0.4,4811059,Edmonton,4811059|Non-immigrants,16430.0,171600.0,14125.0,181200.0,2305.0,112600.0,29172.0,30622.799999999996,19479.8
Sturgeon County (4811059) MD 00000,Total Immigrant Status,17.0,17.0,17.4,0.4,4811059,Edmonton,4811059|Total Immigrant Status,18160.0,172800.0,15735.0,182200.0,2425.0,112200.0,29376.0,30974.0,19522.8
Sainte-Catherine (2467030) V 00000,Immigrant,17.8,17.8,18.1,0.3,2467030,Montréal,2467030|Immigrant,2390.0,124400.0,2210.0,128200.0,180.0,79500.0,22143.2,22819.6,14389.5
Pitt Meadows (5915070) CY 00000,Immigrant,21.1,21.1,21.4,0.3,5915070,Vancouver,5915070|Immigrant,6205.0,139400.0,5160.0,146600.0,1045.0,103400.0,29413.4,30932.6,22127.6
Senneville (2466127) VL 00000,Total Immigrant Status,14.2,14.2,14.2,0.0,2466127,Montréal,2466127|Total Immigrant Status,935.0,236000.0,770.0,248000.0,160.0,178000.0,33512.0,35216.0,25276.0
Saint-Mathieu (2467005) MÉ 00000,Total Immigrant Status,14.5,14.5,14.4,-0.1,2467005,Montréal,2467005|Total Immigrant Status,2285.0,127900.0,2065.0,132200.0,225.0,88000.0,18545.5,19169.0,12672.0
Saint-Mathieu (2467005) MÉ 00000,Non-immigrants,14.6,14.6,14.5,-0.1,2467005,Montréal,2467005|Non-immigrants,2200.0,128400.0,1980.0,132800.0,215.0,89000.0,18746.4,19388.8,12905.0
Saint-Jérôme (2475017) V 00000,Immigrant,20.0,20.1,19.8,-0.3,2475017,Montréal,2475017|Immigrant,6390.0,104200.0,4185.0,116500.0,2205.0,80800.0,20840.0,23416.5,15998.4
Bradford West Gwillimbury (3543014) T 00000,Immigrant,25.7,25.7,25.3,-0.4,3543014,Toronto,3543014|Immigrant,20245.0,138400.0,18215.0,142200.0,2030.0,104200.0,35568.8,36545.4,26362.6
La Prairie (2467015) V 00000,Immigrant,20.2,20.3,19.8,-0.5,2467015,Montréal,2467015|Immigrant,5910.0,128600.0,5100.0,133800.0,810.0,95000.0,25977.2,27161.4,18810.0
Blainville (2473015) V 00000,Immigrant,19.9,19.9,19.4,-0.5,2473015,Montréal,2473015|Immigrant,9745.0,139800.0,8805.0,143800.0,935.0,102200.0,27820.2,28616.2,19826.8
Leduc (4811016) CY 00000,Immigrant,21.2,21.4,20.9,-0.5,4811016,Edmonton,4811016|Immigrant,5045.0,119300.0,3565.0,128600.0,1475.0,97200.0,25291.6,27520.4,20314.8
Bowen Island (5915062) IM 00000,Immigrant,20.3,20.4,19.8,-0.6,5915062,Vancouver,5915062|Immigrant,1065.0,166400.0,880.0,179200.0,180.0,104000.0,33779.2,36556.799999999996,20592.0
McMasterville (2457025) MÉ 00000,Immigrant,17.9,18.0,17.0,-1.0,2457025,Montréal,2457025|Immigrant,250.0,109000.0,225.0,114000.0,20.0,56000.0,19510.999999999996,20520.0,9520.0
Terrebonne (2464008) V 00000,Immigrant,18.9,19.0,18.0,-1.0,2464008,Montréal,2464008|Immigrant,22975.0,129600.0,20475.0,133600.0,2500.0,97500.0,24494.4,25384.0,17550.0
Devon (4811018) T 00000,Immigrant,20.3,20.6,19.6,-1.0,4811018,Edmonton,4811018|Immigrant,475.0,104000.0,330.0,100400.0,150.0,112000.0,21112.0,20682.4,21952.0
Saint-Sulpice (2460020) PE 00000,Immigrant,16.1,16.6,15.6,-1.0,2460020,Montréal,2460020|Immigrant,160.0,130000.0,95.0,158000.0,75.0,96000.0,20930.000000000004,26228.0,14976.0
Varennes (2459020) V 00000,Immigrant,18.3,18.5,17.4,-1.1,2459020,Montréal,2459020|Immigrant,1045.0,116400.0,870.0,123200.0,175.0,83000.0,21301.2,22792.0,14441.999999999998
Surrey (5915004) CY 00000,Immigrant,23.3,23.6,22.4,-1.2,5915004,Vancouver,5915004|Immigrant,366350.0,142000.0,269440.0,155600.0,96905.0,103800.0,33086.0,36721.6,23251.2
Saint-Eustache (2472005) V 00000,Immigrant,18.6,18.8,17.4,-1.4,2472005,Montréal,2472005|Immigrant,6260.0,114500.0,5275.0,119100.0,985.0,89800.0,21297.0,22390.8,15625.199999999997
Chambly (2457005) V 00000,Immigrant,17.8,18.0,16.4,-1.6,2457005,Montréal,2457005|Immigrant,3900.0,152200.0,3375.0,161000.0,525.0,96400.0,27091.6,28980.0,15809.599999999999
Lions Bay (5915065) VL 00000,Non-immigrants,21.1,21.3,19.6,-1.7,5915065,Vancouver,5915065|Non-immigrants,780.0,218400.0,690.0,222800.0,95.0,188000.0,46082.4,47456.4,36848.00000000001
Léry (2467055) V 00000,Immigrant,21.5,21.8,20.0,-1.8,2467055,Montréal,2467055|Immigrant,215.0,160000.0,180.0,135000.0,35.0,300000.0,34400.0,29430.0,60000.0
Montréal-Est (2466007) V 00000,Immigrant,20.7,21.9,20.0,-1.9,2466007,Montréal,2466007|Immigrant,735.0,87800.0,265.0,108000.0,470.0,76400.0,18174.6,23652.0,15280.0
Saint-Amable (2459015) V 00000,Immigrant,19.9,20.1,18.2,-1.9,2459015,Montréal,2459015|Immigrant,1155.0,108200.0,1040.0,110600.0,110.0,84000.0,21531.8,22230.6,15288.0
Otterburn Park (2457030) V 00000,Immigrant,18.9,19.0,17.0,-2.0,2457030,Montréal,2457030|Immigrant,575.0,118800.0,540.0,122400.0,35.0,64000.0,22453.2,23256.0,10880.0
Boisbriand (2473005) V 00000,Immigrant,19.0,19.4,17.3,-2.1,2473005,Montréal,2473005|Immigrant,5505.0,115700.0,4475.0,121600.0,1030.0,90400.0,21983.0,23590.4,15639.2
Mercier (2467045) V 00000,Immigrant,19.9,20.1,17.9,-2.2,2467045,Montréal,2467045|Immigrant,2455.0,121100.0,2185.0,124700.0,260.0,91000.0,24098.9,25064.7,16288.999999999998
King (3519049) TP 00000,Immigrant,26.8,27.0,24.2,-2.8,3519049,Toronto,3519049|Immigrant,9055.0,190600.0,8360.0,199000.0,700.0,91400.0,51080.8,53730.0,22118.8
Senneville (2466127) VL 00000,Non-immigrants,14.2,14.6,11.6,-3.0,2466127,Montréal,2466127|Non-immigrants,675.0,204800.0,585.0,204000.0,90.0,212000.0,29081.6,29784.0,24592.0
Morinville (4811068) T 00000,Immigrant,23.0,24.0,20.8,-3.2,4811068,Edmonton,4811068|Immigrant,635.0,116800.0,435.0,122800.0,195.0,103000.0,26864.0,29472.0,21424.0
Anmore (5915038) VL 00000,Total Immigrant Status,19.9,20.2,16.8,-3.4,5915038,Vancouver,5915038|Total Immigrant Status,2255.0,262000.0,2105.0,266000.0,155.0,204000.0,52138.0,53732.0,34272.0
Leduc County (4811012) MD 00000,Immigrant,22.4,22.7,19.2,-3.5,4811012,Edmonton,4811012|Immigrant,1390.0,149000.0,1255.0,158400.0,135.0,61000.0,33376.0,35956.8,11712.0
L'Épiphanie (2460037) V 00000,Immigrant,15.6,16.2,12.0,-4.2,2460037,Montréal,2460037|Immigrant,355.0,129500.0,305.0,137000.0,50.0,88000.0,20202.0,22194.0,10560.0
Anmore (5915038) VL 00000,Immigrant,20.5,21.4,10.6,-10.8,5915038,Vancouver,5915038|Immigrant,770.0,274000.0,710.0,265500.0,65.0,370000.0,56170.0,56817.0,39220.0
Mono (3522012) T 00000,Immigrant,20.3,20.7,7.9,-12.8,3522012,Toronto,3522012|Immigrant,2670.0,180800.0,2595.0,180800.0,75.0,185000.0,36702.4,37425.6,14615.0
Saint-Mathieu-de-Beloeil (2457045) MÉ 00000,Immigrant,17.0,16.0,,,2457045,Montréal,2457045|Immigrant,140.0,172000.0,130.0,180000.0,0.0,,29240.0,28800.0,
Verchères (2459025) MÉ 00000,Immigrant,16.1,16.7,,,2459025,Montréal,2459025|Immigrant,180.0,138000.0,165.0,138000.0,0.0,,22218.0,23046.0,
Saint-Roch-de-l'Achigan (2463035) MÉ 00000,Immigrant,11.4,10.4,,,2463035,Montréal,2463035|Immigrant,70.0,190000.0,50.0,210000.0,0.0,,21660.0,21840.0,
L'Île-Dorval (2466092) V 09999,Total Immigrant Status,,,,,2466092,Montréal,2466092|Total Immigrant Status,,,,,,,,,
L'Île-Dorval (2466092) V 09999,Non-immigrants,,,,,2466092,Montréal,2466092|Non-immigrants,,,,,,,,,
L'Île-Dorval (2466092) V 09999,Immigrant,,,,,2466092,Montréal,2466092|Immigrant,,,,,,,,,
Saint-Mathieu (2467005) MÉ 00000,Immigrant,13.2,13.5,,,2467005,Montréal,2467005|Immigrant,90.0,114000.0,80.0,120000.0,0.0,,15048.0,16200.0,
Saint-Isidore (2467040) PE 00000,Immigrant,13.3,16.6,,,2467040,Montréal,2467040|Immigrant,170.0,144000.0,135.0,134000.0,0.0,,19152.0,22244.0,
Kahnawake (2467802) IRI 19999,Total Immigrant Status,,,,,2467802,Montréal,2467802|Total Immigrant Status,,,,,,,,,
Kahnawake (2467802) IRI 19999,Non-immigrants,,,,,2467802,Montréal,2467802|Non-immigrants,,,,,,,,,
Kahnawake (2467802) IRI 19999,Immigrant,,,,,2467802,Montréal,2467802|Immigrant,,,,,,,,,
Les Cèdres (2471050) MÉ 00000,Immigrant,16.8,20.0,,,2471050,Montréal,2471050|Immigrant,615.0,149000.0,515.0,111600.0,0.0,,25032.0,22320.0,
Pointe-des-Cascades (2471055) VL 00000,Immigrant,22.2,22.3,,,2471055,Montréal,2471055|Immigrant,300.0,135000.0,285.0,139000.0,0.0,,29970.0,30997.0,
Vaudreuil-sur-le-Lac (2471090) VL 00000,Total Immigrant Status,15.0,14.8,,,2471090,Montréal,2471090|Total Immigrant Status,1330.0,178800.0,1295.0,181200.0,0.0,,26820.0,26817.6,
Vaudreuil-sur-le-Lac (2471090) VL 00000,Non-immigrants,13.0,12.9,,,2471090,Montréal,2471090|Non-immigrants,1075.0,184000.0,1055.0,185200.0,0.0,,23920.0,23890.8,
Vaudreuil-sur-le-Lac (2471090) VL 00000,Immigrant,23.3,22.9,,,2471090,Montréal,2471090|Immigrant,260.0,157000.0,240.0,162000.0,0.0,,36581.0,37098.0,
L'Île-Cadieux (2471095) V 00909,Total Immigrant Status,,,,,2471095,Montréal,2471095|Total Immigrant Status,,,,,,,,,
L'Île-Cadieux (2471095) V 00909,Non-immigrants,,,,,2471095,Montréal,2471095|Non-immigrants,,,,,,,,,
L'Île-Cadieux (2471095) V 00909,Immigrant,,,,,2471095,Montréal,2471095|Immigrant,,,,,,,,,
Pointe-Calumet (2472020) MÉ 00000,Immigrant,18.3,18.8,,,2472020,Montréal,2472020|Immigrant,330.0,105600.0,305.0,102000.0,0.0,,19324.8,19176.0,
Saint-Joseph-du-Lac (2472025) MÉ 00000,Immigrant,13.4,13.5,,,2472025,Montréal,2472025|Immigrant,315.0,186000.0,295.0,190000.0,0.0,,24924.0,25650.0,
Oka (2472032) MÉ 00000,Immigrant,21.0,21.8,,,2472032,Montréal,2472032|Immigrant,100.0,108000.0,95.0,114000.0,0.0,,22680.0,24852.0,
Saint-Placide (2472043) MÉ 00000,Immigrant,17.8,16.8,,,2472043,Montréal,2472043|Immigrant,110.0,138000.0,95.0,142000.0,0.0,,24564.0,23856.0,
Kanesatake (2472802) S-É 19999,Total Immigrant Status,,,,,2472802,Montréal,2472802|Total Immigrant Status,,,,,,,,,
Kanesatake (2472802) S-É 19999,Non-immigrants,,,,,2472802,Montréal,2472802|Non-immigrants,,,,,,,,,
Kanesatake (2472802) S-É 19999,Immigrant,,,,,2472802,Montréal,2472802|Immigrant,,,,,,,,,
Lorraine (2473025) V 00000,Immigrant,18.2,18.3,,,2473025,Montréal,2473025|Immigrant,1555.0,167400.0,1510.0,164600.0,40.0,260000.0,30466.8,30121.8,
Gore (2476025) CT 01010,Immigrant,12.5,11.4,,,2476025,Montréal,2476025|Immigrant,215.0,95000.0,195.0,98000.0,0.0,,11875.0,11172.0,
Chippewas of Georgina Island First Nation (3519076) IRI 04949,Total Immigrant Status,,,,,3519076,Toronto,3519076|Total Immigrant Status,,,,,,,,,
Chippewas of Georgina Island First Nation (3519076) IRI 04949,Non-immigrants,,,,,3519076,Toronto,3519076|Non-immigrants,,,,,,,,,
Chippewas of Georgina Island First Nation (3519076) IRI 04949,Immigrant,,,,,3519076,Toronto,3519076|Immigrant,,,,,,,,,
Bruderheim (4810066) T 00000,Immigrant,,,,,4810066,Edmonton,4810066|Immigrant,0.0,,0.0,,0.0,,,,
Calmar (4811019) T 00000,Immigrant,19.8,19.6,,,4811019,Edmonton,4811019|Immigrant,140.0,104000.0,125.0,110000.0,0.0,,20592.0,21560.0,
Sundance Beach (4811020) SV 04999,Total Immigrant Status,,,,,4811020,Edmonton,4811020|Total Immigrant Status,,,,,,,,,
Sundance Beach (4811020) SV 04999,Non-immigrants,,,,,4811020,Edmonton,4811020|Non-immigrants,,,,,,,,,
Sundance Beach (4811020) SV 04999,Immigrant,,,,,4811020,Edmonton,4811020|Immigrant,,,,,,,,,
Thorsby (4811021) T 00010,Immigrant,13.8,,,,4811021,Edmonton,4811021|Immigrant,55.0,116000.0,0.0,,0.0,,16008.0,,
Itaska Beach (4811022) SV 09999,Total Immigrant Status,,,,,4811022,Edmonton,4811022|Total Immigrant Status,,,,,,,,,
Itaska Beach (4811022) SV 09999,Non-immigrants,,,,,4811022,Edmonton,4811022|Non-immigrants,,,,,,,,,
Itaska Beach (4811022) SV 09999,Immigrant,,,,,4811022,Edmonton,4811022|Immigrant,,,,,,,,,
Golden Days (4811023) SV 02919,Total Immigrant Status,,,,,4811023,Edmonton,4811023|Total Immigrant Status,,,,,,,,,
Golden Days (4811023) SV 02919,Non-immigrants,,,,,4811023,Edmonton,4811023|Non-immigrants,,,,,,,,,
Golden Days (4811023) SV 02919,Immigrant,,,,,4811023,Edmonton,4811023|Immigrant,,,,,,,,,
Warburg (4811024) VL 00010,Immigrant,,,,,4811024,Edmonton,4811024|Immigrant,0.0,,0.0,,0.0,,,,
Seba Beach (4811038) SV 04949,Total Immigrant Status,,,,,4811038,Edmonton,4811038|Total Immigrant Status,,,,,,,,,
Seba Beach (4811038) SV 04949,Non-immigrants,,,,,4811038,Edmonton,4811038|Non-immigrants,,,,,,,,,
Seba Beach (4811038) SV 04949,Immigrant,,,,,4811038,Edmonton,4811038|Immigrant,,,,,,,,,
Betula Beach (4811039) SV 09999,Total Immigrant Status,,,,,4811039,Edmonton,4811039|Total Immigrant Status,,,,,,,,,
Betula Beach (4811039) SV 09999,Non-immigrants,,,,,4811039,Edmonton,4811039|Non-immigrants,,,,,,,,,
Betula Beach (4811039) SV 09999,Immigrant,,,,,4811039,Edmonton,4811039|Immigrant,,,,,,,,,
Point Alison (4811041) SV 09999,Total Immigrant Status,,,,,4811041,Edmonton,4811041|Total Immigrant Status,,,,,,,,,
Point Alison (4811041) SV 09999,Non-immigrants,,,,,4811041,Edmonton,4811041|Non-immigrants,,,,,,,,,
Point Alison (4811041) SV 09999,Immigrant,,,,,4811041,Edmonton,4811041|Immigrant,,,,,,,,,
Lakeview (4811042) SV 09999,Total Immigrant Status,,,,,4811042,Edmonton,4811042|Total Immigrant Status,,,,,,,,,
Lakeview (4811042) SV 09999,Non-immigrants,,,,,4811042,Edmonton,4811042|Non-immigrants,,,,,,,,,
Lakeview (4811042) SV 09999,Immigrant,,,,,4811042,Edmonton,4811042|Immigrant,,,,,,,,,
Kapasiwin (4811044) SV 09999,Total Immigrant Status,,,,,4811044,Edmonton,4811044|Total Immigrant Status,,,,,,,,,
Kapasiwin (4811044) SV 09999,Non-immigrants,,,,,4811044,Edmonton,4811044|Non-immigrants,,,,,,,,,
Kapasiwin (4811044) SV 09999,Immigrant,,,,,4811044,Edmonton,4811044|Immigrant,,,,,,,,,
Spring Lake (4811046) VL 00000,Immigrant,15.8,15.8,,,4811046,Edmonton,4811046|Immigrant,60.0,124000.0,60.0,124000.0,0.0,,19592.0,19592.0,
Gibbons (4811064) T 00010,Immigrant,22.6,22.6,,,4811064,Edmonton,4811064|Immigrant,150.0,134000.0,150.0,134000.0,0.0,,30284.0,30284.0,
Redwater (4811065) T 00020,Immigrant,20.8,16.8,,,4811065,Edmonton,4811065|Immigrant,75.0,84000.0,55.0,88000.0,0.0,,17472.0,14784.0,
Bon Accord (4811066) T 00000,Immigrant,27.2,18.4,,,4811066,Edmonton,4811066|Immigrant,120.0,108000.0,75.0,136000.0,0.0,,29376.0,25024.0,
Legal (4811069) T 00000,Immigrant,14.0,14.4,,,4811069,Edmonton,4811069|Immigrant,50.0,120000.0,45.0,128000.0,0.0,,16800.0,18432.0,
Enoch Cree Nation (4811804) IRI 02030,Total Immigrant Status,,,,,4811804,Edmonton,4811804|Total Immigrant Status,0.0,,0.0,,0.0,,,,
Enoch Cree Nation (4811804) IRI 02030,Non-immigrants,,,,,4811804,Edmonton,4811804|Non-immigrants,0.0,,0.0,,0.0,,,,
Enoch Cree Nation (4811804) IRI 02030,Immigrant,,,,,4811804,Edmonton,4811804|Immigrant,0.0,,0.0,,0.0,,,,
Alexander 134 (4811805) IRI 03030,Total Immigrant Status,,,,,4811805,Edmonton,4811805|Total Immigrant Status,0.0,,0.0,,0.0,,,,
Alexander 134 (4811805) IRI 03030,Non-immigrants,,,,,4811805,Edmonton,4811805|Non-immigrants,0.0,,0.0,,0.0,,,,
Alexander 134 (4811805) IRI 03030,Immigrant,,,,,4811805,Edmonton,4811805|Immigrant,0.0,,0.0,,0.0,,,,
Wabamun 133A (4811806) IRI 03030,Total Immigrant Status,,,,,4811806,Edmonton,4811806|Total Immigrant Status,0.0,,0.0,,0.0,,,,
Wabamun 133A (4811806) IRI 03030,Non-immigrants,,,,,4811806,Edmonton,4811806|Non-immigrants,0.0,,0.0,,0.0,,,,
Wabamun 133A (4811806) IRI 03030,Immigrant,,,,,4811806,Edmonton,4811806|Immigrant,0.0,,0.0,,0.0,,,,
Wabamun 133B (4811807) IRI 09999,Total Immigrant Status,,,,,4811807,Edmonton,4811807|Total Immigrant Status,,,,,,,,,
Wabamun 133B (4811807) IRI 09999,Non-immigrants,,,,,4811807,Edmonton,4811807|Non-immigrants,,,,,,,,,
Wabamun 133B (4811807) IRI 09999,Immigrant,,,,,4811807,Edmonton,4811807|Immigrant,,,,,,,,,
Belcarra (5915036) VL 00000,Immigrant,24.1,19.0,,,5915036,Vancouver,5915036|Immigrant,165.0,208000.0,140.0,232000.0,0.0,,50128.0,44080.0,
Semiahmoo (5915801) IRI 01919,Total Immigrant Status,,,,,5915801,Vancouver,5915801|Total Immigrant Status,,,,,,,,,
Semiahmoo (5915801) IRI 01919,Non-immigrants,,,,,5915801,Vancouver,5915801|Non-immigrants,,,,,,,,,
Semiahmoo (5915801) IRI 01919,Immigrant,,,,,5915801,Vancouver,5915801|Immigrant,,,,,,,,,
Tsawwassen (5915802) TWL 00000,Total Immigrant Status,,,,,5915802,Vancouver,5915802|Total Immigrant Status,0.0,,0.0,,0.0,,,,
Tsawwassen (5915802) TWL 00000,Non-immigrants,,,,,5915802,Vancouver,5915802|Non-immigrants,0.0,,0.0,,0.0,,,,
Tsawwassen (5915802) TWL 00000,Immigrant,,,,,5915802,Vancouver,5915802|Immigrant,0.0,,0.0,,0.0,,,,
Musqueam 2 (5915803) IRI 01010,Total Immigrant Status,,,,,5915803,Vancouver,5915803|Total Immigrant Status,0.0,,0.0,,0.0,,,,
Musqueam 2 (5915803) IRI 01010,Non-immigrants,,,,,5915803,Vancouver,5915803|Non-immigrants,0.0,,0.0,,0.0,,,,
Musqueam 2 (5915803) IRI 01010,Immigrant,,,,,5915803,Vancouver,5915803|Immigrant,0.0,,0.0,,0.0,,,,
Coquitlam 2 (5915804) IRI 09999,Total Immigrant Status,,,,,5915804,Vancouver,5915804|Total Immigrant Status,,,,,,,,,
Coquitlam 2 (5915804) IRI 09999,Non-immigrants,,,,,5915804,Vancouver,5915804|Non-immigrants,,,,,,,,,
Coquitlam 2 (5915804) IRI 09999,Immigrant,,,,,5915804,Vancouver,5915804|Immigrant,,,,,,,,,
Coquitlam 1 (5915805) IRI 02929,Total Immigrant Status,,,,,5915805,Vancouver,5915805|Total Immigrant Status,,,,,,,,,
Coquitlam 1 (5915805) IRI 02929,Non-immigrants,,,,,5915805,Vancouver,5915805|Non-immigrants,,,,,,,,,
Coquitlam 1 (5915805) IRI 02929,Immigrant,,,,,5915805,Vancouver,5915805|Immigrant,,,,,,,,,
Burrard Inlet 3 (5915806) IRI 00000,Total Immigrant Status,,,,,5915806,Vancouver,5915806|Total Immigrant Status,0.0,,0.0,,0.0,,,,
Burrard Inlet 3 (5915806) IRI 00000,Non-immigrants,,,,,5915806,Vancouver,5915806|Non-immigrants,0.0,,0.0,,0.0,,,,
Burrard Inlet 3 (5915806) IRI 00000,Immigrant,,,,,5915806,Vancouver,5915806|Immigrant,0.0,,0.0,,0.0,,,,
Mission 1 (5915807) IRI 02020,Total Immigrant Status,,,,,5915807,Vancouver,5915807|Total Immigrant Status,0.0,,0.0,,0.0,,,,
Mission 1 (5915807) IRI 02020,Non-immigrants,,,,,5915807,Vancouver,5915807|Non-immigrants,0.0,,0.0,,0.0,,,,
Mission 1 (5915807) IRI 02020,Immigrant,,,,,5915807,Vancouver,5915807|Immigrant,0.0,,0.0,,0.0,,,,
Capilano 5 (5915808) IRI 01010,Total Immigrant Status,,,,,5915808,Vancouver,5915808|Total Immigrant Status,0.0,,0.0,,0.0,,,,
Capilano 5 (5915808) IRI 01010,Non-immigrants,,,,,5915808,Vancouver,5915808|Non-immigrants,0.0,,0.0,,0.0,,,,
Capilano 5 (5915808) IRI 01010,Immigrant,,,,,5915808,Vancouver,5915808|Immigrant,0.0,,0.0,,0.0,,,,
Barnston Island 3 (5915809) IRI 19999,Total Immigrant Status,,,,,5915809,Vancouver,5915809|Total Immigrant Status,,,,,,,,,
Barnston Island 3 (5915809) IRI 19999,Non-immigrants,,,,,5915809,Vancouver,5915809|Non-immigrants,,,,,,,,,
Barnston Island 3 (5915809) IRI 19999,Immigrant,,,,,5915809,Vancouver,5915809|Immigrant,,,,,,,,,
Musqueam 4 (5915810) IRI 09999,Total Immigrant Status,,,,,5915810,Vancouver,5915810|Total Immigrant Status,,,,,,,,,
Musqueam 4 (5915810) IRI 09999,Non-immigrants,,,,,5915810,Vancouver,5915810|Non-immigrants,,,,,,,,,
Musqueam 4 (5915810) IRI 09999,Immigrant,,,,,5915810,Vancouver,5915810|Immigrant,,,,,,,,,
Seymour Creek 2 (5915811) IRI 03939,Total Immigrant Status,,,,,5915811,Vancouver,5915811|Total Immigrant Status,,,,,,,,,
Seymour Creek 2 (5915811) IRI 03939,Non-immigrants,,,,,5915811,Vancouver,5915811|Non-immigrants,,,,,,,,,
Seymour Creek 2 (5915811) IRI 03939,Immigrant,,,,,5915811,Vancouver,5915811|Immigrant,,,,,,,,,
Katzie 2 (5915813) IRI 09999,Total Immigrant Status,,,,,5915813,Vancouver,5915813|Total Immigrant Status,,,,,,,,,
Katzie 2 (5915813) IRI 09999,Non-immigrants,,,,,5915813,Vancouver,5915813|Non-immigrants,,,,,,,,,
Katzie 2 (5915813) IRI 09999,Immigrant,,,,,5915813,Vancouver,5915813|Immigrant,,,,,,,,,
McMillan Island 6 (5915816) IRI 05959,Total Immigrant Status,,,,,5915816,Vancouver,5915816|Total Immigrant Status,,,,,,,,,
McMillan Island 6 (5915816) IRI 05959,Non-immigrants,,,,,5915816,Vancouver,5915816|Non-immigrants,,,,,,,,,
McMillan Island 6 (5915816) IRI 05959,Immigrant,,,,,5915816,Vancouver,5915816|Immigrant,,,,,,,,,
Matsqui 4 (5915825) IRI 01010,Total Immigrant Status,,,,,5915825,Vancouver,5915825|Total Immigrant Status,0.0,,0.0,,0.0,,,,
Matsqui 4 (5915825) IRI 01010,Non-immigrants,,,,,5915825,Vancouver,5915825|Non-immigrants,0.0,,0.0,,0.0,,,,
Matsqui 4 (5915825) IRI 01010,Immigrant,,,,,5915825,Vancouver,5915825|Immigrant,0.0,,0.0,,0.0,,,,
Katzie 1 (5915830) IRI 05959,Total Immigrant Status,,,,,5915830,Vancouver,5915830|Total Immigrant Status,,,,,,,,,
Katzie 1 (5915830) IRI 05959,Non-immigrants,,,,,5915830,Vancouver,5915830|Non-immigrants,,,,,,,,,
Katzie 1 (5915830) IRI 05959,Immigrant,,,,,5915830,Vancouver,5915830|Immigrant,,,,,,,,,
Whonnock 1 (5915840) IRI 09999,Total Immigrant Status,,,,,5915840,Vancouver,5915840|Total Immigrant Status,,,,,,,,,
Whonnock 1 (5915840) IRI 09999,Non-immigrants,,,,,5915840,Vancouver,5915840|Non-immigrants,,,,,,,,,
Whonnock 1 (5915840) IRI 09999,Immigrant,,,,,5915840,Vancouver,5915840|Immigrant,,,,,,,,,
